<?xml version='1.0' encoding='UTF-8'?>
<import>
  <GL7ClassCodeForClassDescr public-id="z2hicck9ieaf50vluh3vh6ldgrb">
    <Value>50911</Value>
    <EffectiveDate>2019-12-01</EffectiveDate>
  </GL7ClassCodeForClassDescr>
  <GL7ClassCodeForClassDescr public-id="zl5i4ivpic3vh260gh3fvguhml8">
    <Value>58161</Value>
    <EffectiveDate>2019-12-01</EffectiveDate>
  </GL7ClassCodeForClassDescr>
  <GL7ClassCodeForClassDescr public-id="zfiia5p3qda4e15299c3uvlrg79">
    <Value>58165</Value>
    <EffectiveDate>2019-12-01</EffectiveDate>
  </GL7ClassCodeForClassDescr>
  <GL7ClassCodeForClassDescr public-id="z7bi25778lmiu3broadqoqcod78">
    <Value>58166</Value>
    <EffectiveDate>2019-12-01</EffectiveDate>
  </GL7ClassCodeForClassDescr>
  <GL7ClassCodeForClassDescr public-id="zn3ic3abgullb33svts00lb353b">
    <Value>58168</Value>
    <EffectiveDate>2019-12-01</EffectiveDate>
  </GL7ClassCodeForClassDescr>
  <GL7ClassCodeForClassDescr public-id="z2vgumd641s7ocabes33gh9ucfa">
    <Value>59211</Value>
    <EffectiveDate>2019-12-01</EffectiveDate>
  </GL7ClassCodeForClassDescr>
  <GL7ClassCodeForClassDescr public-id="zjgg07gfamgsi8fbalcthju7beb">
    <Value>70412</Value>
    <EffectiveDate>2019-12-01</EffectiveDate>
  </GL7ClassCodeForClassDescr>
  <GL7ClassCodeForClassDescr public-id="zubiijmojjhdb99gsnoi51cmtd8">
    <Value>70113</Value>
    <EffectiveDate>2020-11-01</EffectiveDate>
    <Jurisdiction>MI</Jurisdiction>
  </GL7ClassCodeForClassDescr>
  <GL7ClassCodeForClassDescr public-id="zicjgbnnl983ceqdfang35o0tg8">
    <Value>59211</Value>
    <EffectiveDate>2019-12-01</EffectiveDate>
    <ExpirationDate>2020-11-01</ExpirationDate>
    <Jurisdiction>MI</Jurisdiction>
  </GL7ClassCodeForClassDescr>
  <GL7ClassCodeForClassDescr public-id="zh4jcv6k50c6v9kpsi5j1u9rc09">
    <Value>70114</Value>
    <EffectiveDate>2020-11-01</EffectiveDate>
    <Jurisdiction>MI</Jurisdiction>
  </GL7ClassCodeForClassDescr>
  <GL7ClassCodeForClassDescr public-id="z5bhudm08acd76qe9fu5s5nm8r8">
    <Value>58191</Value>
    <EffectiveDate>2020-11-01</EffectiveDate>
    <Jurisdiction>MI</Jurisdiction>
  </GL7ClassCodeForClassDescr>
  <GL7ClassCodeForClassDescr public-id="zkmggblql2vqrchenvf05kd052a">
    <Value>70413</Value>
    <EffectiveDate>2020-11-01</EffectiveDate>
    <Jurisdiction>MI</Jurisdiction>
  </GL7ClassCodeForClassDescr>
  <GL7ClassCodeForClassDescr public-id="z5qiokh3sgspv71hro64o123kmb">
    <Value>58161</Value>
    <EffectiveDate>2019-12-01</EffectiveDate>
    <ExpirationDate>2020-11-01</ExpirationDate>
    <Jurisdiction>MI</Jurisdiction>
  </GL7ClassCodeForClassDescr>
  <GL7ClassCodeForClassDescr public-id="zp9imvkcq55d4123moj5mrrqs89">
    <Value>50881</Value>
    <EffectiveDate>2020-11-01</EffectiveDate>
    <Jurisdiction>MI</Jurisdiction>
  </GL7ClassCodeForClassDescr>
  <GL7ClassCodeForClassDescr public-id="zt0i6jj263reebjl9g2skqrta7b">
    <Value>70412</Value>
    <EffectiveDate>2019-12-01</EffectiveDate>
    <ExpirationDate>2020-11-01</ExpirationDate>
    <Jurisdiction>MI</Jurisdiction>
  </GL7ClassCodeForClassDescr>
  <GL7ClassCodeForClassDescr public-id="zm2ja9kh2tpdm86fqpg113ritf8">
    <Value>58151</Value>
    <EffectiveDate>2020-11-01</EffectiveDate>
    <Jurisdiction>MI</Jurisdiction>
  </GL7ClassCodeForClassDescr>
  <GL7ClassCodeForClassDescr public-id="ztpico5k0ugts9ld6op687mg269">
    <Value>50882</Value>
    <EffectiveDate>2020-11-01</EffectiveDate>
    <Jurisdiction>MI</Jurisdiction>
  </GL7ClassCodeForClassDescr>
  <GL7ClassCodeForClassDescr public-id="z8hj489rslt9eev6rkod2gl52k8">
    <Value>58198</Value>
    <EffectiveDate>2020-11-01</EffectiveDate>
    <Jurisdiction>MI</Jurisdiction>
  </GL7ClassCodeForClassDescr>
  <GL7ClassCodeForClassDescr public-id="z15isdoagve0i5ojm4q5mrbb3tb">
    <Value>58168</Value>
    <EffectiveDate>2019-12-01</EffectiveDate>
    <ExpirationDate>2020-11-01</ExpirationDate>
    <Jurisdiction>MI</Jurisdiction>
  </GL7ClassCodeForClassDescr>
  <GL7ClassCodeForClassDescr public-id="zq6ho92ovi8fm9nospplat7dmla">
    <Value>59212</Value>
    <EffectiveDate>2020-11-01</EffectiveDate>
    <Jurisdiction>MI</Jurisdiction>
  </GL7ClassCodeForClassDescr>
  <GL7ClassCodeForClassDescr public-id="zm2js5i38bq521fv2lukvcejtb8">
    <Value>50911</Value>
    <EffectiveDate>2019-12-01</EffectiveDate>
    <ExpirationDate>2020-11-01</ExpirationDate>
    <Jurisdiction>MI</Jurisdiction>
  </GL7ClassCodeForClassDescr>
</import>