<?xml version="1.0"?>
<import>
  <GL7ProdsCompldOpsAggrega9 public-id="z3fjscg08v58337od4aqviapt89">
    <Value>10,000,000</Value>
    <EffectiveDate>2020-03-01</EffectiveDate>
    <Jurisdiction>IN</Jurisdiction>
    <PerPersonLim>300,000</PerPersonLim>
    <EachOccurrenceLimGovSubdivisio>4,000,000</EachOccurrenceLimGovSubdivisio>
  </GL7ProdsCompldOpsAggrega9>
  <GL7ProdsCompldOpsAggrega9 public-id="z6ngm1tc6ce273g3c1f0sffl6j8">
    <Value>3,000,000</Value>
    <EffectiveDate>2020-03-01</EffectiveDate>
    <Jurisdiction>IN</Jurisdiction>
    <PerPersonLim>500,000</PerPersonLim>
    <EachOccurrenceLimGovSubdivisio>1,000,000</EachOccurrenceLimGovSubdivisio>
  </GL7ProdsCompldOpsAggrega9>
  <GL7ProdsCompldOpsAggrega9 public-id="zeuj46vd6puo1fo4huejt6s45vb">
    <Value>4,000,000</Value>
    <EffectiveDate>2020-03-01</EffectiveDate>
    <Jurisdiction>IN</Jurisdiction>
    <PerPersonLim>700,000</PerPersonLim>
    <EachOccurrenceLimGovSubdivisio>3,000,000</EachOccurrenceLimGovSubdivisio>
  </GL7ProdsCompldOpsAggrega9>
  <GL7ProdsCompldOpsAggrega9 public-id="ztrgk32954jo9dh9j9pqgsfaoob">
    <Value>500,000</Value>
    <EffectiveDate>2020-03-01</EffectiveDate>
    <Jurisdiction>IN</Jurisdiction>
    <PerPersonLim>300,000</PerPersonLim>
    <EachOccurrenceLimGovSubdivisio>300,000</EachOccurrenceLimGovSubdivisio>
  </GL7ProdsCompldOpsAggrega9>
  <GL7ProdsCompldOpsAggrega9 public-id="z28gci2c83tqf2u1fvn5s3sb9na">
    <Value>2,000,000</Value>
    <EffectiveDate>2020-03-01</EffectiveDate>
    <Jurisdiction>IN</Jurisdiction>
    <PerPersonLim>300,000</PerPersonLim>
    <EachOccurrenceLimGovSubdivisio>300,000</EachOccurrenceLimGovSubdivisio>
  </GL7ProdsCompldOpsAggrega9>
  <GL7ProdsCompldOpsAggrega9 public-id="zschua7dgnnid38evol5qq0q1jb">
    <Value>2,000,000</Value>
    <EffectiveDate>2020-03-01</EffectiveDate>
    <Jurisdiction>IN</Jurisdiction>
    <PerPersonLim>500,000</PerPersonLim>
    <EachOccurrenceLimGovSubdivisio>2,000,000</EachOccurrenceLimGovSubdivisio>
  </GL7ProdsCompldOpsAggrega9>
  <GL7ProdsCompldOpsAggrega9 public-id="z9khui6jq4umn6rb1o75k6m9mma">
    <Value>2,500,000</Value>
    <EffectiveDate>2020-03-01</EffectiveDate>
    <Jurisdiction>IN</Jurisdiction>
    <PerPersonLim>300,000</PerPersonLim>
    <EachOccurrenceLimGovSubdivisio>1,500,000</EachOccurrenceLimGovSubdivisio>
  </GL7ProdsCompldOpsAggrega9>
  <GL7ProdsCompldOpsAggrega9 public-id="z1aigfj7nla6af3prioqn0icbl8">
    <Value>3,000,000</Value>
    <EffectiveDate>2020-03-01</EffectiveDate>
    <Jurisdiction>IN</Jurisdiction>
    <PerPersonLim>500,000</PerPersonLim>
    <EachOccurrenceLimGovSubdivisio>500,000</EachOccurrenceLimGovSubdivisio>
  </GL7ProdsCompldOpsAggrega9>
  <GL7ProdsCompldOpsAggrega9 public-id="z4ihq0srgkdmm51ut3et2rvnjj9">
    <Value>7,500,000</Value>
    <EffectiveDate>2020-03-01</EffectiveDate>
    <Jurisdiction>IN</Jurisdiction>
    <PerPersonLim>700,000</PerPersonLim>
    <EachOccurrenceLimGovSubdivisio>3,000,000</EachOccurrenceLimGovSubdivisio>
  </GL7ProdsCompldOpsAggrega9>
  <GL7ProdsCompldOpsAggrega9 public-id="zd9gcrkhohm2b3or4cbshplk1g9">
    <Value>10,000,000</Value>
    <EffectiveDate>2020-03-01</EffectiveDate>
    <Jurisdiction>IN</Jurisdiction>
    <PerPersonLim>300,000</PerPersonLim>
    <EachOccurrenceLimGovSubdivisio>2,000,000</EachOccurrenceLimGovSubdivisio>
  </GL7ProdsCompldOpsAggrega9>
  <GL7ProdsCompldOpsAggrega9 public-id="zkvimbig5sgbkfont7jninh2ga8">
    <Value>1,500,000</Value>
    <EffectiveDate>2020-03-01</EffectiveDate>
    <Jurisdiction>IN</Jurisdiction>
    <PerPersonLim>500,000</PerPersonLim>
    <EachOccurrenceLimGovSubdivisio>1,500,000</EachOccurrenceLimGovSubdivisio>
  </GL7ProdsCompldOpsAggrega9>
  <GL7ProdsCompldOpsAggrega9 public-id="zbhg0k36ute56ee04ocnlvegtia">
    <Value>5,000,000</Value>
    <EffectiveDate>2020-03-01</EffectiveDate>
    <Jurisdiction>IN</Jurisdiction>
    <PerPersonLim>700,000</PerPersonLim>
    <EachOccurrenceLimGovSubdivisio>1,500,000</EachOccurrenceLimGovSubdivisio>
  </GL7ProdsCompldOpsAggrega9>
  <GL7ProdsCompldOpsAggrega9 public-id="zu9hq4c7bebqo4g8jej2eopvtb8">
    <Value>2,000,000</Value>
    <EffectiveDate>2020-03-01</EffectiveDate>
    <Jurisdiction>IN</Jurisdiction>
    <PerPersonLim>700,000</PerPersonLim>
    <EachOccurrenceLimGovSubdivisio>1,000,000</EachOccurrenceLimGovSubdivisio>
  </GL7ProdsCompldOpsAggrega9>
  <GL7ProdsCompldOpsAggrega9 public-id="znmg0rtol437cfn1jas54h29r3b">
    <Value>7,500,000</Value>
    <EffectiveDate>2020-03-01</EffectiveDate>
    <Jurisdiction>IN</Jurisdiction>
    <PerPersonLim>300,000</PerPersonLim>
    <EachOccurrenceLimGovSubdivisio>1,000,000</EachOccurrenceLimGovSubdivisio>
  </GL7ProdsCompldOpsAggrega9>
  <GL7ProdsCompldOpsAggrega9 public-id="z11gs9dafuggg2a32jiu6v8r29a">
    <Value>2,000,000</Value>
    <EffectiveDate>2020-03-01</EffectiveDate>
    <Jurisdiction>IN</Jurisdiction>
    <PerPersonLim>500,000</PerPersonLim>
    <EachOccurrenceLimGovSubdivisio>1,500,000</EachOccurrenceLimGovSubdivisio>
  </GL7ProdsCompldOpsAggrega9>
  <GL7ProdsCompldOpsAggrega9 public-id="zbigsv9ibaf9g43fv3dm70b6oq9">
    <Value>4,000,000</Value>
    <EffectiveDate>2020-03-01</EffectiveDate>
    <Jurisdiction>IN</Jurisdiction>
    <PerPersonLim>300,000</PerPersonLim>
    <EachOccurrenceLimGovSubdivisio>4,000,000</EachOccurrenceLimGovSubdivisio>
  </GL7ProdsCompldOpsAggrega9>
  <GL7ProdsCompldOpsAggrega9 public-id="znoiq0ee0gj882c41aboh4rf029">
    <Value>10,000,000</Value>
    <EffectiveDate>2020-03-01</EffectiveDate>
    <Jurisdiction>IN</Jurisdiction>
    <PerPersonLim>700,000</PerPersonLim>
    <EachOccurrenceLimGovSubdivisio>3,000,000</EachOccurrenceLimGovSubdivisio>
  </GL7ProdsCompldOpsAggrega9>
  <GL7ProdsCompldOpsAggrega9 public-id="zgiieuedhcfup3jn19jrosglpo8">
    <Value>7,500,000</Value>
    <EffectiveDate>2020-03-01</EffectiveDate>
    <Jurisdiction>IN</Jurisdiction>
    <PerPersonLim>500,000</PerPersonLim>
    <EachOccurrenceLimGovSubdivisio>4,000,000</EachOccurrenceLimGovSubdivisio>
  </GL7ProdsCompldOpsAggrega9>
  <GL7ProdsCompldOpsAggrega9 public-id="znkhggqscv17pb6f6ild5f88s5b">
    <Value>10,000,000</Value>
    <EffectiveDate>2020-03-01</EffectiveDate>
    <Jurisdiction>IN</Jurisdiction>
    <PerPersonLim>700,000</PerPersonLim>
    <EachOccurrenceLimGovSubdivisio>1,000,000</EachOccurrenceLimGovSubdivisio>
  </GL7ProdsCompldOpsAggrega9>
  <GL7ProdsCompldOpsAggrega9 public-id="z1oh6egf87ird1pa8d2ikctcbeb">
    <Value>5,000,000</Value>
    <EffectiveDate>2020-03-01</EffectiveDate>
    <Jurisdiction>IN</Jurisdiction>
    <PerPersonLim>300,000</PerPersonLim>
    <EachOccurrenceLimGovSubdivisio>3,000,000</EachOccurrenceLimGovSubdivisio>
  </GL7ProdsCompldOpsAggrega9>
  <GL7ProdsCompldOpsAggrega9 public-id="zbhg29qvrk1jm69hhik288j3fh8">
    <Value>600,000</Value>
    <EffectiveDate>2020-03-01</EffectiveDate>
    <Jurisdiction>IN</Jurisdiction>
    <PerPersonLim>500,000</PerPersonLim>
    <EachOccurrenceLimGovSubdivisio>500,000</EachOccurrenceLimGovSubdivisio>
  </GL7ProdsCompldOpsAggrega9>
  <GL7ProdsCompldOpsAggrega9 public-id="zk6hg1u6hm2ne64onpuhhqda2i9">
    <Value>1,500,000</Value>
    <EffectiveDate>2020-03-01</EffectiveDate>
    <Jurisdiction>IN</Jurisdiction>
    <PerPersonLim>700,000</PerPersonLim>
    <EachOccurrenceLimGovSubdivisio>1,500,000</EachOccurrenceLimGovSubdivisio>
  </GL7ProdsCompldOpsAggrega9>
  <GL7ProdsCompldOpsAggrega9 public-id="z84jgtlovjuka0p8rrfl3o24em8">
    <Value>4,000,000</Value>
    <EffectiveDate>2020-03-01</EffectiveDate>
    <Jurisdiction>IN</Jurisdiction>
    <PerPersonLim>500,000</PerPersonLim>
    <EachOccurrenceLimGovSubdivisio>4,000,000</EachOccurrenceLimGovSubdivisio>
  </GL7ProdsCompldOpsAggrega9>
  <GL7ProdsCompldOpsAggrega9 public-id="zgkimlghon38u2n617honj1nth9">
    <Value>2,500,000</Value>
    <EffectiveDate>2020-03-01</EffectiveDate>
    <Jurisdiction>IN</Jurisdiction>
    <PerPersonLim>700,000</PerPersonLim>
    <EachOccurrenceLimGovSubdivisio>1,000,000</EachOccurrenceLimGovSubdivisio>
  </GL7ProdsCompldOpsAggrega9>
  <GL7ProdsCompldOpsAggrega9 public-id="zm4hctj68dl9o2l71fd5m7dp1p9">
    <Value>3,000,000</Value>
    <EffectiveDate>2020-03-01</EffectiveDate>
    <Jurisdiction>IN</Jurisdiction>
    <PerPersonLim>300,000</PerPersonLim>
    <EachOccurrenceLimGovSubdivisio>2,000,000</EachOccurrenceLimGovSubdivisio>
  </GL7ProdsCompldOpsAggrega9>
  <GL7ProdsCompldOpsAggrega9 public-id="zhbhk44nfvbt5f4k6upbfi97t68">
    <Value>7,500,000</Value>
    <EffectiveDate>2020-03-01</EffectiveDate>
    <Jurisdiction>IN</Jurisdiction>
    <PerPersonLim>300,000</PerPersonLim>
    <EachOccurrenceLimGovSubdivisio>4,000,000</EachOccurrenceLimGovSubdivisio>
  </GL7ProdsCompldOpsAggrega9>
  <GL7ProdsCompldOpsAggrega9 public-id="zkagqn44s1v6l3n2cjq76i32m0a">
    <Value>4,000,000</Value>
    <EffectiveDate>2020-03-01</EffectiveDate>
    <Jurisdiction>IN</Jurisdiction>
    <PerPersonLim>500,000</PerPersonLim>
    <EachOccurrenceLimGovSubdivisio>3,000,000</EachOccurrenceLimGovSubdivisio>
  </GL7ProdsCompldOpsAggrega9>
  <GL7ProdsCompldOpsAggrega9 public-id="zs7ig1bmahv3d4gskj7o8vrn1ea">
    <Value>5,000,000</Value>
    <EffectiveDate>2020-03-01</EffectiveDate>
    <Jurisdiction>IN</Jurisdiction>
    <PerPersonLim>700,000</PerPersonLim>
    <EachOccurrenceLimGovSubdivisio>5,000,000</EachOccurrenceLimGovSubdivisio>
  </GL7ProdsCompldOpsAggrega9>
  <GL7ProdsCompldOpsAggrega9 public-id="z6bhmvu0hcfpf3ak8qbr6bp7jla">
    <Value>7,500,000</Value>
    <EffectiveDate>2020-03-01</EffectiveDate>
    <Jurisdiction>IN</Jurisdiction>
    <PerPersonLim>300,000</PerPersonLim>
    <EachOccurrenceLimGovSubdivisio>5,000,000</EachOccurrenceLimGovSubdivisio>
  </GL7ProdsCompldOpsAggrega9>
  <GL7ProdsCompldOpsAggrega9 public-id="z5dicrgio9gfa4pclssrr1ul40b">
    <Value>200,000</Value>
    <EffectiveDate>2020-03-01</EffectiveDate>
    <Jurisdiction>IN</Jurisdiction>
    <PerPersonLim>100,000</PerPersonLim>
    <EachOccurrenceLimGovSubdivisio>100,000</EachOccurrenceLimGovSubdivisio>
  </GL7ProdsCompldOpsAggrega9>
  <GL7ProdsCompldOpsAggrega9 public-id="zjiium5m28gg1fv77jqpjt8e1g8">
    <Value>2,500,000</Value>
    <EffectiveDate>2020-03-01</EffectiveDate>
    <Jurisdiction>IN</Jurisdiction>
    <PerPersonLim>300,000</PerPersonLim>
    <EachOccurrenceLimGovSubdivisio>2,000,000</EachOccurrenceLimGovSubdivisio>
  </GL7ProdsCompldOpsAggrega9>
  <GL7ProdsCompldOpsAggrega9 public-id="z7vhonjce0oc195fsql0jo8t6c9">
    <Value>3,000,000</Value>
    <EffectiveDate>2020-03-01</EffectiveDate>
    <Jurisdiction>IN</Jurisdiction>
    <PerPersonLim>300,000</PerPersonLim>
    <EachOccurrenceLimGovSubdivisio>1,000,000</EachOccurrenceLimGovSubdivisio>
  </GL7ProdsCompldOpsAggrega9>
  <GL7ProdsCompldOpsAggrega9 public-id="z3gi0batjsvnndkrhsnu7pukhib">
    <Value>3,000,000</Value>
    <EffectiveDate>2020-03-01</EffectiveDate>
    <Jurisdiction>IN</Jurisdiction>
    <PerPersonLim>300,000</PerPersonLim>
    <EachOccurrenceLimGovSubdivisio>1,500,000</EachOccurrenceLimGovSubdivisio>
  </GL7ProdsCompldOpsAggrega9>
  <GL7ProdsCompldOpsAggrega9 public-id="zf2jsn9p3g4oeea9i2h9ra0dncb">
    <Value>2,500,000</Value>
    <EffectiveDate>2020-03-01</EffectiveDate>
    <Jurisdiction>IN</Jurisdiction>
    <PerPersonLim>300,000</PerPersonLim>
    <EachOccurrenceLimGovSubdivisio>1,000,000</EachOccurrenceLimGovSubdivisio>
  </GL7ProdsCompldOpsAggrega9>
  <GL7ProdsCompldOpsAggrega9 public-id="z53icam1r9urr4ab75ltu7mma9b">
    <Value>5,000,000</Value>
    <EffectiveDate>2020-03-01</EffectiveDate>
    <Jurisdiction>IN</Jurisdiction>
    <PerPersonLim>700,000</PerPersonLim>
    <EachOccurrenceLimGovSubdivisio>2,000,000</EachOccurrenceLimGovSubdivisio>
  </GL7ProdsCompldOpsAggrega9>
  <GL7ProdsCompldOpsAggrega9 public-id="zgniop2incrts3prfalm0o3ojp9">
    <Value>2,500,000</Value>
    <EffectiveDate>2020-03-01</EffectiveDate>
    <Jurisdiction>IN</Jurisdiction>
    <PerPersonLim>300,000</PerPersonLim>
    <EachOccurrenceLimGovSubdivisio>300,000</EachOccurrenceLimGovSubdivisio>
  </GL7ProdsCompldOpsAggrega9>
  <GL7ProdsCompldOpsAggrega9 public-id="zephc0u50892petmqmb76cde2e9">
    <Value>1,000,000</Value>
    <EffectiveDate>2020-03-01</EffectiveDate>
    <Jurisdiction>IN</Jurisdiction>
    <PerPersonLim>300,000</PerPersonLim>
    <EachOccurrenceLimGovSubdivisio>300,000</EachOccurrenceLimGovSubdivisio>
  </GL7ProdsCompldOpsAggrega9>
  <GL7ProdsCompldOpsAggrega9 public-id="zv4g4n33jiufs32dhekpotm59gb">
    <Value>1,500,000</Value>
    <EffectiveDate>2020-03-01</EffectiveDate>
    <Jurisdiction>IN</Jurisdiction>
    <PerPersonLim>300,000</PerPersonLim>
    <EachOccurrenceLimGovSubdivisio>1,500,000</EachOccurrenceLimGovSubdivisio>
  </GL7ProdsCompldOpsAggrega9>
  <GL7ProdsCompldOpsAggrega9 public-id="z25ho2osrd9aeesfkqaln1l1sca">
    <Value>2,500,000</Value>
    <EffectiveDate>2020-03-01</EffectiveDate>
    <Jurisdiction>IN</Jurisdiction>
    <PerPersonLim>300,000</PerPersonLim>
    <EachOccurrenceLimGovSubdivisio>500,000</EachOccurrenceLimGovSubdivisio>
  </GL7ProdsCompldOpsAggrega9>
  <GL7ProdsCompldOpsAggrega9 public-id="zqlgun1hvuirhccb1cubvs81e4a">
    <Value>4,000,000</Value>
    <EffectiveDate>2020-03-01</EffectiveDate>
    <Jurisdiction>IN</Jurisdiction>
    <PerPersonLim>700,000</PerPersonLim>
    <EachOccurrenceLimGovSubdivisio>2,000,000</EachOccurrenceLimGovSubdivisio>
  </GL7ProdsCompldOpsAggrega9>
  <GL7ProdsCompldOpsAggrega9 public-id="z3qhu7jfrat2j4nlt657itfsqka">
    <Value>3,000,000</Value>
    <EffectiveDate>2020-03-01</EffectiveDate>
    <Jurisdiction>IN</Jurisdiction>
    <PerPersonLim>700,000</PerPersonLim>
    <EachOccurrenceLimGovSubdivisio>3,000,000</EachOccurrenceLimGovSubdivisio>
  </GL7ProdsCompldOpsAggrega9>
  <GL7ProdsCompldOpsAggrega9 public-id="ze3ic27l9lk8u48obp3khv186gb">
    <Value>7,500,000</Value>
    <EffectiveDate>2020-03-01</EffectiveDate>
    <Jurisdiction>IN</Jurisdiction>
    <PerPersonLim>500,000</PerPersonLim>
    <EachOccurrenceLimGovSubdivisio>1,000,000</EachOccurrenceLimGovSubdivisio>
  </GL7ProdsCompldOpsAggrega9>
  <GL7ProdsCompldOpsAggrega9 public-id="z6jhumqgsa95d7o2qmoptn6bmda">
    <Value>4,000,000</Value>
    <EffectiveDate>2020-03-01</EffectiveDate>
    <Jurisdiction>IN</Jurisdiction>
    <PerPersonLim>500,000</PerPersonLim>
    <EachOccurrenceLimGovSubdivisio>500,000</EachOccurrenceLimGovSubdivisio>
  </GL7ProdsCompldOpsAggrega9>
  <GL7ProdsCompldOpsAggrega9 public-id="z1qj2pne783t831vhi63mii1qv9">
    <Value>3,000,000</Value>
    <EffectiveDate>2020-03-01</EffectiveDate>
    <Jurisdiction>IN</Jurisdiction>
    <PerPersonLim>500,000</PerPersonLim>
    <EachOccurrenceLimGovSubdivisio>1,500,000</EachOccurrenceLimGovSubdivisio>
  </GL7ProdsCompldOpsAggrega9>
  <GL7ProdsCompldOpsAggrega9 public-id="zbog4t341aptuetbh5candr7kib">
    <Value>1,000,000</Value>
    <EffectiveDate>2020-03-01</EffectiveDate>
    <Jurisdiction>IN</Jurisdiction>
    <PerPersonLim>300,000</PerPersonLim>
    <EachOccurrenceLimGovSubdivisio>500,000</EachOccurrenceLimGovSubdivisio>
  </GL7ProdsCompldOpsAggrega9>
  <GL7ProdsCompldOpsAggrega9 public-id="zpfhsp757ac841qjf1o5mdgq54a">
    <Value>3,000,000</Value>
    <EffectiveDate>2020-03-01</EffectiveDate>
    <Jurisdiction>IN</Jurisdiction>
    <PerPersonLim>700,000</PerPersonLim>
    <EachOccurrenceLimGovSubdivisio>1,000,000</EachOccurrenceLimGovSubdivisio>
  </GL7ProdsCompldOpsAggrega9>
  <GL7ProdsCompldOpsAggrega9 public-id="zsmhokgga2vqpakp5k7s1kn690a">
    <Value>2,000,000</Value>
    <EffectiveDate>2020-03-01</EffectiveDate>
    <Jurisdiction>IN</Jurisdiction>
    <PerPersonLim>700,000</PerPersonLim>
    <EachOccurrenceLimGovSubdivisio>1,500,000</EachOccurrenceLimGovSubdivisio>
  </GL7ProdsCompldOpsAggrega9>
  <GL7ProdsCompldOpsAggrega9 public-id="zp5h0ct2k53142fhfjvk1g4k9u8">
    <Value>7,500,000</Value>
    <EffectiveDate>2020-03-01</EffectiveDate>
    <Jurisdiction>IN</Jurisdiction>
    <PerPersonLim>500,000</PerPersonLim>
    <EachOccurrenceLimGovSubdivisio>3,000,000</EachOccurrenceLimGovSubdivisio>
  </GL7ProdsCompldOpsAggrega9>
  <GL7ProdsCompldOpsAggrega9 public-id="zcbjad3s7ulugb1da3pfhg2uuda">
    <Value>5,000,000</Value>
    <EffectiveDate>2020-03-01</EffectiveDate>
    <Jurisdiction>IN</Jurisdiction>
    <PerPersonLim>300,000</PerPersonLim>
    <EachOccurrenceLimGovSubdivisio>4,000,000</EachOccurrenceLimGovSubdivisio>
  </GL7ProdsCompldOpsAggrega9>
  <GL7ProdsCompldOpsAggrega9 public-id="zvehq6kuou4uk4ckocatsbdh0v8">
    <Value>4,000,000</Value>
    <EffectiveDate>2020-03-01</EffectiveDate>
    <Jurisdiction>IN</Jurisdiction>
    <PerPersonLim>300,000</PerPersonLim>
    <EachOccurrenceLimGovSubdivisio>3,000,000</EachOccurrenceLimGovSubdivisio>
  </GL7ProdsCompldOpsAggrega9>
  <GL7ProdsCompldOpsAggrega9 public-id="zi5jgac3llttv72jebotnd622oa">
    <Value>7,500,000</Value>
    <EffectiveDate>2020-03-01</EffectiveDate>
    <Jurisdiction>IN</Jurisdiction>
    <PerPersonLim>500,000</PerPersonLim>
    <EachOccurrenceLimGovSubdivisio>5,000,000</EachOccurrenceLimGovSubdivisio>
  </GL7ProdsCompldOpsAggrega9>
  <GL7ProdsCompldOpsAggrega9 public-id="z96i46kciubj20gkncfna7ivvq9">
    <Value>600,000</Value>
    <EffectiveDate>2020-03-01</EffectiveDate>
    <Jurisdiction>IN</Jurisdiction>
    <PerPersonLim>300,000</PerPersonLim>
    <EachOccurrenceLimGovSubdivisio>300,000</EachOccurrenceLimGovSubdivisio>
  </GL7ProdsCompldOpsAggrega9>
  <GL7ProdsCompldOpsAggrega9 public-id="z8vjo8dc8am1bc2761v3q7jqb19">
    <Value>10,000,000</Value>
    <EffectiveDate>2020-03-01</EffectiveDate>
    <Jurisdiction>IN</Jurisdiction>
    <PerPersonLim>700,000</PerPersonLim>
    <EachOccurrenceLimGovSubdivisio>5,000,000</EachOccurrenceLimGovSubdivisio>
  </GL7ProdsCompldOpsAggrega9>
  <GL7ProdsCompldOpsAggrega9 public-id="z9ggonvl5ji7n5c29m7t7q3cj3a">
    <Value>10,000,000</Value>
    <EffectiveDate>2020-03-01</EffectiveDate>
    <Jurisdiction>IN</Jurisdiction>
    <PerPersonLim>700,000</PerPersonLim>
    <EachOccurrenceLimGovSubdivisio>4,000,000</EachOccurrenceLimGovSubdivisio>
  </GL7ProdsCompldOpsAggrega9>
  <GL7ProdsCompldOpsAggrega9 public-id="zv3j804fndqu83kcnlm49dm31p9">
    <Value>5,000,000</Value>
    <EffectiveDate>2020-03-01</EffectiveDate>
    <Jurisdiction>IN</Jurisdiction>
    <PerPersonLim>500,000</PerPersonLim>
    <EachOccurrenceLimGovSubdivisio>4,000,000</EachOccurrenceLimGovSubdivisio>
  </GL7ProdsCompldOpsAggrega9>
  <GL7ProdsCompldOpsAggrega9 public-id="zc6jg278gm3jr5mds3fpg2b0pkb">
    <Value>4,000,000</Value>
    <EffectiveDate>2020-03-01</EffectiveDate>
    <Jurisdiction>IN</Jurisdiction>
    <PerPersonLim>300,000</PerPersonLim>
    <EachOccurrenceLimGovSubdivisio>1,000,000</EachOccurrenceLimGovSubdivisio>
  </GL7ProdsCompldOpsAggrega9>
  <GL7ProdsCompldOpsAggrega9 public-id="zvbjesjqasam9a2b8idcvs0pbe9">
    <Value>4,000,000</Value>
    <EffectiveDate>2020-03-01</EffectiveDate>
    <Jurisdiction>IN</Jurisdiction>
    <PerPersonLim>300,000</PerPersonLim>
    <EachOccurrenceLimGovSubdivisio>1,500,000</EachOccurrenceLimGovSubdivisio>
  </GL7ProdsCompldOpsAggrega9>
  <GL7ProdsCompldOpsAggrega9 public-id="zdsj8erinvpd54egu5j99dgkst8">
    <Value>5,000,000</Value>
    <EffectiveDate>2020-03-01</EffectiveDate>
    <Jurisdiction>IN</Jurisdiction>
    <PerPersonLim>500,000</PerPersonLim>
    <EachOccurrenceLimGovSubdivisio>2,000,000</EachOccurrenceLimGovSubdivisio>
  </GL7ProdsCompldOpsAggrega9>
  <GL7ProdsCompldOpsAggrega9 public-id="zpai21ad6m7f3bpesnac5qv4fd9">
    <Value>3,000,000</Value>
    <EffectiveDate>2020-03-01</EffectiveDate>
    <Jurisdiction>IN</Jurisdiction>
    <PerPersonLim>500,000</PerPersonLim>
    <EachOccurrenceLimGovSubdivisio>3,000,000</EachOccurrenceLimGovSubdivisio>
  </GL7ProdsCompldOpsAggrega9>
  <GL7ProdsCompldOpsAggrega9 public-id="zt5gc8jhichprdb0kve5sb9qs9a">
    <Value>2,000,000</Value>
    <EffectiveDate>2020-03-01</EffectiveDate>
    <Jurisdiction>IN</Jurisdiction>
    <PerPersonLim>300,000</PerPersonLim>
    <EachOccurrenceLimGovSubdivisio>2,000,000</EachOccurrenceLimGovSubdivisio>
  </GL7ProdsCompldOpsAggrega9>
  <GL7ProdsCompldOpsAggrega9 public-id="zj0hg5k63ms030n0o5fttp6u269">
    <Value>7,500,000</Value>
    <EffectiveDate>2020-03-01</EffectiveDate>
    <Jurisdiction>IN</Jurisdiction>
    <PerPersonLim>700,000</PerPersonLim>
    <EachOccurrenceLimGovSubdivisio>1,500,000</EachOccurrenceLimGovSubdivisio>
  </GL7ProdsCompldOpsAggrega9>
  <GL7ProdsCompldOpsAggrega9 public-id="zsvi8q26qlv6o2r7vc9pp8r65ob">
    <Value>10,000,000</Value>
    <EffectiveDate>2020-03-01</EffectiveDate>
    <Jurisdiction>IN</Jurisdiction>
    <PerPersonLim>700,000</PerPersonLim>
    <EachOccurrenceLimGovSubdivisio>1,500,000</EachOccurrenceLimGovSubdivisio>
  </GL7ProdsCompldOpsAggrega9>
  <GL7ProdsCompldOpsAggrega9 public-id="zk4h0bs8rei7ach4cjvqkt8bobb">
    <Value>1,500,000</Value>
    <EffectiveDate>2020-03-01</EffectiveDate>
    <Jurisdiction>IN</Jurisdiction>
    <PerPersonLim>300,000</PerPersonLim>
    <EachOccurrenceLimGovSubdivisio>300,000</EachOccurrenceLimGovSubdivisio>
  </GL7ProdsCompldOpsAggrega9>
  <GL7ProdsCompldOpsAggrega9 public-id="z07hmkjo5gnhtb48t5bk3cihe3b">
    <Value>1,500,000</Value>
    <EffectiveDate>2020-03-01</EffectiveDate>
    <Jurisdiction>IN</Jurisdiction>
    <PerPersonLim>300,000</PerPersonLim>
    <EachOccurrenceLimGovSubdivisio>1,000,000</EachOccurrenceLimGovSubdivisio>
  </GL7ProdsCompldOpsAggrega9>
  <GL7ProdsCompldOpsAggrega9 public-id="zqagkapf5o1ih4tuha8jtckpp38">
    <Value>2,500,000</Value>
    <EffectiveDate>2020-03-01</EffectiveDate>
    <Jurisdiction>IN</Jurisdiction>
    <PerPersonLim>500,000</PerPersonLim>
    <EachOccurrenceLimGovSubdivisio>2,000,000</EachOccurrenceLimGovSubdivisio>
  </GL7ProdsCompldOpsAggrega9>
  <GL7ProdsCompldOpsAggrega9 public-id="zpni8hmd1lst24i16h6theb5c7b">
    <Value>4,000,000</Value>
    <EffectiveDate>2020-03-01</EffectiveDate>
    <Jurisdiction>IN</Jurisdiction>
    <PerPersonLim>700,000</PerPersonLim>
    <EachOccurrenceLimGovSubdivisio>4,000,000</EachOccurrenceLimGovSubdivisio>
  </GL7ProdsCompldOpsAggrega9>
  <GL7ProdsCompldOpsAggrega9 public-id="zgri4f6k6qh9i0mdk9p6ovjccrb">
    <Value>600,000</Value>
    <EffectiveDate>2020-03-01</EffectiveDate>
    <Jurisdiction>IN</Jurisdiction>
    <PerPersonLim>300,000</PerPersonLim>
    <EachOccurrenceLimGovSubdivisio>500,000</EachOccurrenceLimGovSubdivisio>
  </GL7ProdsCompldOpsAggrega9>
  <GL7ProdsCompldOpsAggrega9 public-id="z1ch8132q82o88k3gitn5an79c8">
    <Value>4,000,000</Value>
    <EffectiveDate>2020-03-01</EffectiveDate>
    <Jurisdiction>IN</Jurisdiction>
    <PerPersonLim>300,000</PerPersonLim>
    <EachOccurrenceLimGovSubdivisio>500,000</EachOccurrenceLimGovSubdivisio>
  </GL7ProdsCompldOpsAggrega9>
  <GL7ProdsCompldOpsAggrega9 public-id="z9rjca8t2ukr4cs4j1q13sfja6b">
    <Value>10,000,000</Value>
    <EffectiveDate>2020-03-01</EffectiveDate>
    <Jurisdiction>IN</Jurisdiction>
    <PerPersonLim>300,000</PerPersonLim>
    <EachOccurrenceLimGovSubdivisio>5,000,000</EachOccurrenceLimGovSubdivisio>
  </GL7ProdsCompldOpsAggrega9>
  <GL7ProdsCompldOpsAggrega9 public-id="zkdhio4aecqdt3egg8q2r6u3548">
    <Value>2,000,000</Value>
    <EffectiveDate>2020-03-01</EffectiveDate>
    <Jurisdiction>IN</Jurisdiction>
    <PerPersonLim>300,000</PerPersonLim>
    <EachOccurrenceLimGovSubdivisio>500,000</EachOccurrenceLimGovSubdivisio>
  </GL7ProdsCompldOpsAggrega9>
  <GL7ProdsCompldOpsAggrega9 public-id="zo1j04h407fd32kkvili87qabha">
    <Value>10,000,000</Value>
    <EffectiveDate>2020-03-01</EffectiveDate>
    <Jurisdiction>IN</Jurisdiction>
    <PerPersonLim>300,000</PerPersonLim>
    <EachOccurrenceLimGovSubdivisio>1,000,000</EachOccurrenceLimGovSubdivisio>
  </GL7ProdsCompldOpsAggrega9>
  <GL7ProdsCompldOpsAggrega9 public-id="zn0hcktckk4dn8u3f7ti1kvg16a">
    <Value>10,000,000</Value>
    <EffectiveDate>2020-03-01</EffectiveDate>
    <Jurisdiction>IN</Jurisdiction>
    <PerPersonLim>300,000</PerPersonLim>
    <EachOccurrenceLimGovSubdivisio>3,000,000</EachOccurrenceLimGovSubdivisio>
  </GL7ProdsCompldOpsAggrega9>
  <GL7ProdsCompldOpsAggrega9 public-id="z2tg0b8lqvfd942siai3m4rnsr8">
    <Value>4,000,000</Value>
    <EffectiveDate>2020-03-01</EffectiveDate>
    <Jurisdiction>IN</Jurisdiction>
    <PerPersonLim>500,000</PerPersonLim>
    <EachOccurrenceLimGovSubdivisio>1,500,000</EachOccurrenceLimGovSubdivisio>
  </GL7ProdsCompldOpsAggrega9>
  <GL7ProdsCompldOpsAggrega9 public-id="zhdj41t52e8102hr7odi6qbmjib">
    <Value>5,000,000</Value>
    <EffectiveDate>2020-03-01</EffectiveDate>
    <Jurisdiction>IN</Jurisdiction>
    <PerPersonLim>500,000</PerPersonLim>
    <EachOccurrenceLimGovSubdivisio>500,000</EachOccurrenceLimGovSubdivisio>
  </GL7ProdsCompldOpsAggrega9>
  <GL7ProdsCompldOpsAggrega9 public-id="z62gkeg0t6m8icbcqh280rhel7a">
    <Value>7,500,000</Value>
    <EffectiveDate>2020-03-01</EffectiveDate>
    <Jurisdiction>IN</Jurisdiction>
    <PerPersonLim>500,000</PerPersonLim>
    <EachOccurrenceLimGovSubdivisio>1,500,000</EachOccurrenceLimGovSubdivisio>
  </GL7ProdsCompldOpsAggrega9>
  <GL7ProdsCompldOpsAggrega9 public-id="z34gqshnqmbk1935lnf1rvf79ib">
    <Value>7,500,000</Value>
    <EffectiveDate>2020-03-01</EffectiveDate>
    <Jurisdiction>IN</Jurisdiction>
    <PerPersonLim>700,000</PerPersonLim>
    <EachOccurrenceLimGovSubdivisio>1,000,000</EachOccurrenceLimGovSubdivisio>
  </GL7ProdsCompldOpsAggrega9>
  <GL7ProdsCompldOpsAggrega9 public-id="z8ri671qanlr50mkrkeddvd8c5b">
    <Value>1,500,000</Value>
    <EffectiveDate>2020-03-01</EffectiveDate>
    <Jurisdiction>IN</Jurisdiction>
    <PerPersonLim>300,000</PerPersonLim>
    <EachOccurrenceLimGovSubdivisio>500,000</EachOccurrenceLimGovSubdivisio>
  </GL7ProdsCompldOpsAggrega9>
  <GL7ProdsCompldOpsAggrega9 public-id="znviajgskfmal311kaugthe0n48">
    <Value>3,000,000</Value>
    <EffectiveDate>2020-03-01</EffectiveDate>
    <Jurisdiction>IN</Jurisdiction>
    <PerPersonLim>700,000</PerPersonLim>
    <EachOccurrenceLimGovSubdivisio>2,000,000</EachOccurrenceLimGovSubdivisio>
  </GL7ProdsCompldOpsAggrega9>
  <GL7ProdsCompldOpsAggrega9 public-id="zusj889d2cdqd22vr8bvtpmoev8">
    <Value>1,000,000</Value>
    <EffectiveDate>2020-03-01</EffectiveDate>
    <Jurisdiction>IN</Jurisdiction>
    <PerPersonLim>500,000</PerPersonLim>
    <EachOccurrenceLimGovSubdivisio>1,000,000</EachOccurrenceLimGovSubdivisio>
  </GL7ProdsCompldOpsAggrega9>
  <GL7ProdsCompldOpsAggrega9 public-id="zjniaf68if5ps3ct7qkakdu0ju9">
    <Value>5,000,000</Value>
    <EffectiveDate>2020-03-01</EffectiveDate>
    <Jurisdiction>IN</Jurisdiction>
    <PerPersonLim>300,000</PerPersonLim>
    <EachOccurrenceLimGovSubdivisio>5,000,000</EachOccurrenceLimGovSubdivisio>
  </GL7ProdsCompldOpsAggrega9>
  <GL7ProdsCompldOpsAggrega9 public-id="znjg4mdplt7ck8v4mktettsgqa8">
    <Value>7,500,000</Value>
    <EffectiveDate>2020-03-01</EffectiveDate>
    <Jurisdiction>IN</Jurisdiction>
    <PerPersonLim>500,000</PerPersonLim>
    <EachOccurrenceLimGovSubdivisio>2,000,000</EachOccurrenceLimGovSubdivisio>
  </GL7ProdsCompldOpsAggrega9>
  <GL7ProdsCompldOpsAggrega9 public-id="zamgsh0843qck8lk1n8jpgeje6a">
    <Value>7,500,000</Value>
    <EffectiveDate>2020-03-01</EffectiveDate>
    <Jurisdiction>IN</Jurisdiction>
    <PerPersonLim>700,000</PerPersonLim>
    <EachOccurrenceLimGovSubdivisio>5,000,000</EachOccurrenceLimGovSubdivisio>
  </GL7ProdsCompldOpsAggrega9>
  <GL7ProdsCompldOpsAggrega9 public-id="zdsh80rnneneh76blh2njn28gk9">
    <Value>1,000,000</Value>
    <EffectiveDate>2020-03-01</EffectiveDate>
    <Jurisdiction>IN</Jurisdiction>
    <PerPersonLim>500,000</PerPersonLim>
    <EachOccurrenceLimGovSubdivisio>500,000</EachOccurrenceLimGovSubdivisio>
  </GL7ProdsCompldOpsAggrega9>
  <GL7ProdsCompldOpsAggrega9 public-id="ziahs0gfqr0bs7lg82nvgufar58">
    <Value>10,000,000</Value>
    <EffectiveDate>2020-03-01</EffectiveDate>
    <Jurisdiction>IN</Jurisdiction>
    <PerPersonLim>700,000</PerPersonLim>
    <EachOccurrenceLimGovSubdivisio>2,000,000</EachOccurrenceLimGovSubdivisio>
  </GL7ProdsCompldOpsAggrega9>
  <GL7ProdsCompldOpsAggrega9 public-id="zq9h63gvq70fu28n4sfmmjdbola">
    <Value>2,500,000</Value>
    <EffectiveDate>2020-03-01</EffectiveDate>
    <Jurisdiction>IN</Jurisdiction>
    <PerPersonLim>700,000</PerPersonLim>
    <EachOccurrenceLimGovSubdivisio>1,500,000</EachOccurrenceLimGovSubdivisio>
  </GL7ProdsCompldOpsAggrega9>
  <GL7ProdsCompldOpsAggrega9 public-id="zkqi2egd8c9kr5054ut6ggsgvvb">
    <Value>3,000,000</Value>
    <EffectiveDate>2020-03-01</EffectiveDate>
    <Jurisdiction>IN</Jurisdiction>
    <PerPersonLim>700,000</PerPersonLim>
    <EachOccurrenceLimGovSubdivisio>1,500,000</EachOccurrenceLimGovSubdivisio>
  </GL7ProdsCompldOpsAggrega9>
  <GL7ProdsCompldOpsAggrega9 public-id="zcfg2smapccftd5sjnjf69r4sia">
    <Value>7,500,000</Value>
    <EffectiveDate>2020-03-01</EffectiveDate>
    <Jurisdiction>IN</Jurisdiction>
    <PerPersonLim>300,000</PerPersonLim>
    <EachOccurrenceLimGovSubdivisio>2,000,000</EachOccurrenceLimGovSubdivisio>
  </GL7ProdsCompldOpsAggrega9>
  <GL7ProdsCompldOpsAggrega9 public-id="zseiuu835tga11j08narkh98n9b">
    <Value>7,500,000</Value>
    <EffectiveDate>2020-03-01</EffectiveDate>
    <Jurisdiction>IN</Jurisdiction>
    <PerPersonLim>300,000</PerPersonLim>
    <EachOccurrenceLimGovSubdivisio>3,000,000</EachOccurrenceLimGovSubdivisio>
  </GL7ProdsCompldOpsAggrega9>
  <GL7ProdsCompldOpsAggrega9 public-id="zvlgufm6cqvn062fu5bk34jtf0b">
    <Value>5,000,000</Value>
    <EffectiveDate>2020-03-01</EffectiveDate>
    <Jurisdiction>IN</Jurisdiction>
    <PerPersonLim>300,000</PerPersonLim>
    <EachOccurrenceLimGovSubdivisio>2,000,000</EachOccurrenceLimGovSubdivisio>
  </GL7ProdsCompldOpsAggrega9>
  <GL7ProdsCompldOpsAggrega9 public-id="zvbi4jvpvi5igaqb60d50s6ie7b">
    <Value>500,000</Value>
    <EffectiveDate>2020-03-01</EffectiveDate>
    <Jurisdiction>IN</Jurisdiction>
    <PerPersonLim>300,000</PerPersonLim>
    <EachOccurrenceLimGovSubdivisio>500,000</EachOccurrenceLimGovSubdivisio>
  </GL7ProdsCompldOpsAggrega9>
  <GL7ProdsCompldOpsAggrega9 public-id="ze4j0l14uju6l29fefci0ccufu9">
    <Value>1,500,000</Value>
    <EffectiveDate>2020-03-01</EffectiveDate>
    <Jurisdiction>IN</Jurisdiction>
    <PerPersonLim>500,000</PerPersonLim>
    <EachOccurrenceLimGovSubdivisio>500,000</EachOccurrenceLimGovSubdivisio>
  </GL7ProdsCompldOpsAggrega9>
  <GL7ProdsCompldOpsAggrega9 public-id="ztdiaovvge3asdmksqeg7u4vuna">
    <Value>5,000,000</Value>
    <EffectiveDate>2020-03-01</EffectiveDate>
    <Jurisdiction>IN</Jurisdiction>
    <PerPersonLim>300,000</PerPersonLim>
    <EachOccurrenceLimGovSubdivisio>1,000,000</EachOccurrenceLimGovSubdivisio>
  </GL7ProdsCompldOpsAggrega9>
  <GL7ProdsCompldOpsAggrega9 public-id="z6fj806igcc9d3ooamsf9i3qtga">
    <Value>2,500,000</Value>
    <EffectiveDate>2020-03-01</EffectiveDate>
    <Jurisdiction>IN</Jurisdiction>
    <PerPersonLim>700,000</PerPersonLim>
    <EachOccurrenceLimGovSubdivisio>2,000,000</EachOccurrenceLimGovSubdivisio>
  </GL7ProdsCompldOpsAggrega9>
  <GL7ProdsCompldOpsAggrega9 public-id="z8thuhgs9fu2k5brk8efb248sia">
    <Value>3,000,000</Value>
    <EffectiveDate>2020-03-01</EffectiveDate>
    <Jurisdiction>IN</Jurisdiction>
    <PerPersonLim>300,000</PerPersonLim>
    <EachOccurrenceLimGovSubdivisio>3,000,000</EachOccurrenceLimGovSubdivisio>
  </GL7ProdsCompldOpsAggrega9>
  <GL7ProdsCompldOpsAggrega9 public-id="z0ei29e4vhutgdph652m1cm8ija">
    <Value>5,000,000</Value>
    <EffectiveDate>2020-03-01</EffectiveDate>
    <Jurisdiction>IN</Jurisdiction>
    <PerPersonLim>300,000</PerPersonLim>
    <EachOccurrenceLimGovSubdivisio>1,500,000</EachOccurrenceLimGovSubdivisio>
  </GL7ProdsCompldOpsAggrega9>
  <GL7ProdsCompldOpsAggrega9 public-id="z48hcaa6adknac617mjlsi8agib">
    <Value>1,500,000</Value>
    <EffectiveDate>2020-03-01</EffectiveDate>
    <Jurisdiction>IN</Jurisdiction>
    <PerPersonLim>500,000</PerPersonLim>
    <EachOccurrenceLimGovSubdivisio>1,000,000</EachOccurrenceLimGovSubdivisio>
  </GL7ProdsCompldOpsAggrega9>
  <GL7ProdsCompldOpsAggrega9 public-id="zg1j8at1stkkn2gn4e0mfqoa1s9">
    <Value>5,000,000</Value>
    <EffectiveDate>2020-03-01</EffectiveDate>
    <Jurisdiction>IN</Jurisdiction>
    <PerPersonLim>300,000</PerPersonLim>
    <EachOccurrenceLimGovSubdivisio>500,000</EachOccurrenceLimGovSubdivisio>
  </GL7ProdsCompldOpsAggrega9>
  <GL7ProdsCompldOpsAggrega9 public-id="zkeiovf58jv76464sjed94u36qb">
    <Value>5,000,000</Value>
    <EffectiveDate>2020-03-01</EffectiveDate>
    <Jurisdiction>IN</Jurisdiction>
    <PerPersonLim>700,000</PerPersonLim>
    <EachOccurrenceLimGovSubdivisio>4,000,000</EachOccurrenceLimGovSubdivisio>
  </GL7ProdsCompldOpsAggrega9>
  <GL7ProdsCompldOpsAggrega9 public-id="zutg23orffg2k6g0tsba0579438">
    <Value>10,000,000</Value>
    <EffectiveDate>2020-03-01</EffectiveDate>
    <Jurisdiction>IN</Jurisdiction>
    <PerPersonLim>500,000</PerPersonLim>
    <EachOccurrenceLimGovSubdivisio>1,500,000</EachOccurrenceLimGovSubdivisio>
  </GL7ProdsCompldOpsAggrega9>
  <GL7ProdsCompldOpsAggrega9 public-id="zj2gujg2btlqpfrvd7s5q8b5o78">
    <Value>5,000,000</Value>
    <EffectiveDate>2020-03-01</EffectiveDate>
    <Jurisdiction>IN</Jurisdiction>
    <PerPersonLim>700,000</PerPersonLim>
    <EachOccurrenceLimGovSubdivisio>1,000,000</EachOccurrenceLimGovSubdivisio>
  </GL7ProdsCompldOpsAggrega9>
  <GL7ProdsCompldOpsAggrega9 public-id="z72jok35he55n34i04g0gkf782a">
    <Value>1,000,000</Value>
    <EffectiveDate>2020-03-01</EffectiveDate>
    <Jurisdiction>IN</Jurisdiction>
    <PerPersonLim>300,000</PerPersonLim>
    <EachOccurrenceLimGovSubdivisio>1,000,000</EachOccurrenceLimGovSubdivisio>
  </GL7ProdsCompldOpsAggrega9>
  <GL7ProdsCompldOpsAggrega9 public-id="znagg2ui4fjktfpa1lu67j7cjaa">
    <Value>4,000,000</Value>
    <EffectiveDate>2020-03-01</EffectiveDate>
    <Jurisdiction>IN</Jurisdiction>
    <PerPersonLim>500,000</PerPersonLim>
    <EachOccurrenceLimGovSubdivisio>2,000,000</EachOccurrenceLimGovSubdivisio>
  </GL7ProdsCompldOpsAggrega9>
  <GL7ProdsCompldOpsAggrega9 public-id="zoaged4mnhv2j361ts80aml8krb">
    <Value>4,000,000</Value>
    <EffectiveDate>2020-03-01</EffectiveDate>
    <Jurisdiction>IN</Jurisdiction>
    <PerPersonLim>500,000</PerPersonLim>
    <EachOccurrenceLimGovSubdivisio>1,000,000</EachOccurrenceLimGovSubdivisio>
  </GL7ProdsCompldOpsAggrega9>
  <GL7ProdsCompldOpsAggrega9 public-id="zthjgqihlke8e1bif1if6n9f499">
    <Value>5,000,000</Value>
    <EffectiveDate>2020-03-01</EffectiveDate>
    <Jurisdiction>IN</Jurisdiction>
    <PerPersonLim>700,000</PerPersonLim>
    <EachOccurrenceLimGovSubdivisio>3,000,000</EachOccurrenceLimGovSubdivisio>
  </GL7ProdsCompldOpsAggrega9>
  <GL7ProdsCompldOpsAggrega9 public-id="zabiacomkv93kfpk9lksgthvrv8">
    <Value>3,000,000</Value>
    <EffectiveDate>2020-03-01</EffectiveDate>
    <Jurisdiction>IN</Jurisdiction>
    <PerPersonLim>300,000</PerPersonLim>
    <EachOccurrenceLimGovSubdivisio>300,000</EachOccurrenceLimGovSubdivisio>
  </GL7ProdsCompldOpsAggrega9>
  <GL7ProdsCompldOpsAggrega9 public-id="zjji2394vhicbfhnrom5qmbiu9a">
    <Value>7,500,000</Value>
    <EffectiveDate>2020-03-01</EffectiveDate>
    <Jurisdiction>IN</Jurisdiction>
    <PerPersonLim>700,000</PerPersonLim>
    <EachOccurrenceLimGovSubdivisio>2,000,000</EachOccurrenceLimGovSubdivisio>
  </GL7ProdsCompldOpsAggrega9>
  <GL7ProdsCompldOpsAggrega9 public-id="z8ojg7g983kpb2vrme99m4ensvb">
    <Value>3,000,000</Value>
    <EffectiveDate>2020-03-01</EffectiveDate>
    <Jurisdiction>IN</Jurisdiction>
    <PerPersonLim>300,000</PerPersonLim>
    <EachOccurrenceLimGovSubdivisio>500,000</EachOccurrenceLimGovSubdivisio>
  </GL7ProdsCompldOpsAggrega9>
  <GL7ProdsCompldOpsAggrega9 public-id="zusjubbnk6vqg8fb0d11nqcu1kb">
    <Value>2,000,000</Value>
    <EffectiveDate>2020-03-01</EffectiveDate>
    <Jurisdiction>IN</Jurisdiction>
    <PerPersonLim>500,000</PerPersonLim>
    <EachOccurrenceLimGovSubdivisio>1,000,000</EachOccurrenceLimGovSubdivisio>
  </GL7ProdsCompldOpsAggrega9>
  <GL7ProdsCompldOpsAggrega9 public-id="zaqj4fej6tqgdb240rfcj2cdkv8">
    <Value>5,000,000</Value>
    <EffectiveDate>2020-03-01</EffectiveDate>
    <Jurisdiction>IN</Jurisdiction>
    <PerPersonLim>500,000</PerPersonLim>
    <EachOccurrenceLimGovSubdivisio>1,500,000</EachOccurrenceLimGovSubdivisio>
  </GL7ProdsCompldOpsAggrega9>
  <GL7ProdsCompldOpsAggrega9 public-id="zviie0krq5d7d9l4ra68c2ualva">
    <Value>2,000,000</Value>
    <EffectiveDate>2020-03-01</EffectiveDate>
    <Jurisdiction>IN</Jurisdiction>
    <PerPersonLim>300,000</PerPersonLim>
    <EachOccurrenceLimGovSubdivisio>1,500,000</EachOccurrenceLimGovSubdivisio>
  </GL7ProdsCompldOpsAggrega9>
  <GL7ProdsCompldOpsAggrega9 public-id="z7ijio607kj82fua83thu92afo8">
    <Value>500,000</Value>
    <EffectiveDate>2020-03-01</EffectiveDate>
    <Jurisdiction>IN</Jurisdiction>
    <PerPersonLim>500,000</PerPersonLim>
    <EachOccurrenceLimGovSubdivisio>500,000</EachOccurrenceLimGovSubdivisio>
  </GL7ProdsCompldOpsAggrega9>
  <GL7ProdsCompldOpsAggrega9 public-id="zbnj81a1403jhfqico5ieq97orb">
    <Value>2,000,000</Value>
    <EffectiveDate>2020-03-01</EffectiveDate>
    <Jurisdiction>IN</Jurisdiction>
    <PerPersonLim>700,000</PerPersonLim>
    <EachOccurrenceLimGovSubdivisio>2,000,000</EachOccurrenceLimGovSubdivisio>
  </GL7ProdsCompldOpsAggrega9>
  <GL7ProdsCompldOpsAggrega9 public-id="zmshs0gn60rtlbbr3cg4pdvut6b">
    <Value>2,000,000</Value>
    <EffectiveDate>2020-03-01</EffectiveDate>
    <Jurisdiction>IN</Jurisdiction>
    <PerPersonLim>500,000</PerPersonLim>
    <EachOccurrenceLimGovSubdivisio>500,000</EachOccurrenceLimGovSubdivisio>
  </GL7ProdsCompldOpsAggrega9>
  <GL7ProdsCompldOpsAggrega9 public-id="z4biaetq6hs3s7i01a4pu6vt958">
    <Value>4,000,000</Value>
    <EffectiveDate>2020-03-01</EffectiveDate>
    <Jurisdiction>IN</Jurisdiction>
    <PerPersonLim>700,000</PerPersonLim>
    <EachOccurrenceLimGovSubdivisio>1,500,000</EachOccurrenceLimGovSubdivisio>
  </GL7ProdsCompldOpsAggrega9>
  <GL7ProdsCompldOpsAggrega9 public-id="zvbj2k9e87cd369b1f5hg6734n9">
    <Value>2,500,000</Value>
    <EffectiveDate>2020-03-01</EffectiveDate>
    <Jurisdiction>IN</Jurisdiction>
    <PerPersonLim>500,000</PerPersonLim>
    <EachOccurrenceLimGovSubdivisio>1,500,000</EachOccurrenceLimGovSubdivisio>
  </GL7ProdsCompldOpsAggrega9>
  <GL7ProdsCompldOpsAggrega9 public-id="zvhjqu92n8b3n3sju8jlnpn3ii8">
    <Value>10,000,000</Value>
    <EffectiveDate>2020-03-01</EffectiveDate>
    <Jurisdiction>IN</Jurisdiction>
    <PerPersonLim>500,000</PerPersonLim>
    <EachOccurrenceLimGovSubdivisio>3,000,000</EachOccurrenceLimGovSubdivisio>
  </GL7ProdsCompldOpsAggrega9>
  <GL7ProdsCompldOpsAggrega9 public-id="za0iqrol4nkc28fe2bd0somib69">
    <Value>300,000</Value>
    <EffectiveDate>2020-03-01</EffectiveDate>
    <Jurisdiction>IN</Jurisdiction>
    <PerPersonLim>300,000</PerPersonLim>
    <EachOccurrenceLimGovSubdivisio>300,000</EachOccurrenceLimGovSubdivisio>
  </GL7ProdsCompldOpsAggrega9>
  <GL7ProdsCompldOpsAggrega9 public-id="zs6h0l1ni4cjt9k0hv7toa5r2vb">
    <Value>10,000,000</Value>
    <EffectiveDate>2020-03-01</EffectiveDate>
    <Jurisdiction>IN</Jurisdiction>
    <PerPersonLim>500,000</PerPersonLim>
    <EachOccurrenceLimGovSubdivisio>1,000,000</EachOccurrenceLimGovSubdivisio>
  </GL7ProdsCompldOpsAggrega9>
  <GL7ProdsCompldOpsAggrega9 public-id="z1thq4v7esk6u1r7t99abjk4eob">
    <Value>10,000,000</Value>
    <EffectiveDate>2020-03-01</EffectiveDate>
    <Jurisdiction>IN</Jurisdiction>
    <PerPersonLim>500,000</PerPersonLim>
    <EachOccurrenceLimGovSubdivisio>2,000,000</EachOccurrenceLimGovSubdivisio>
  </GL7ProdsCompldOpsAggrega9>
  <GL7ProdsCompldOpsAggrega9 public-id="z4pgolj8r0fs77cpf22apk9pkf9">
    <Value>7,500,000</Value>
    <EffectiveDate>2020-03-01</EffectiveDate>
    <Jurisdiction>IN</Jurisdiction>
    <PerPersonLim>700,000</PerPersonLim>
    <EachOccurrenceLimGovSubdivisio>4,000,000</EachOccurrenceLimGovSubdivisio>
  </GL7ProdsCompldOpsAggrega9>
  <GL7ProdsCompldOpsAggrega9 public-id="zjmj0pj9spe4e8bhfi6k4056hra">
    <Value>1,000,000</Value>
    <EffectiveDate>2020-03-01</EffectiveDate>
    <Jurisdiction>IN</Jurisdiction>
    <PerPersonLim>700,000</PerPersonLim>
    <EachOccurrenceLimGovSubdivisio>1,000,000</EachOccurrenceLimGovSubdivisio>
  </GL7ProdsCompldOpsAggrega9>
  <GL7ProdsCompldOpsAggrega9 public-id="z11gik0abqqqjbnu88r5ea4uq9b">
    <Value>10,000,000</Value>
    <EffectiveDate>2020-03-01</EffectiveDate>
    <Jurisdiction>IN</Jurisdiction>
    <PerPersonLim>500,000</PerPersonLim>
    <EachOccurrenceLimGovSubdivisio>4,000,000</EachOccurrenceLimGovSubdivisio>
  </GL7ProdsCompldOpsAggrega9>
  <GL7ProdsCompldOpsAggrega9 public-id="zihjchsjhr8d93nkdqlg6h5o65a">
    <Value>10,000,000</Value>
    <EffectiveDate>2020-03-01</EffectiveDate>
    <Jurisdiction>IN</Jurisdiction>
    <PerPersonLim>500,000</PerPersonLim>
    <EachOccurrenceLimGovSubdivisio>5,000,000</EachOccurrenceLimGovSubdivisio>
  </GL7ProdsCompldOpsAggrega9>
  <GL7ProdsCompldOpsAggrega9 public-id="zsohc116ktjm98kkgo5gctfoeb9">
    <Value>5,000,000</Value>
    <EffectiveDate>2020-03-01</EffectiveDate>
    <Jurisdiction>IN</Jurisdiction>
    <PerPersonLim>500,000</PerPersonLim>
    <EachOccurrenceLimGovSubdivisio>5,000,000</EachOccurrenceLimGovSubdivisio>
  </GL7ProdsCompldOpsAggrega9>
  <GL7ProdsCompldOpsAggrega9 public-id="z29hg6ccov91e98dmrlfh1mrei8">
    <Value>1,500,000</Value>
    <EffectiveDate>2020-03-01</EffectiveDate>
    <Jurisdiction>IN</Jurisdiction>
    <PerPersonLim>700,000</PerPersonLim>
    <EachOccurrenceLimGovSubdivisio>1,000,000</EachOccurrenceLimGovSubdivisio>
  </GL7ProdsCompldOpsAggrega9>
  <GL7ProdsCompldOpsAggrega9 public-id="zbahmbcq85djqcer7j44shlqqo9">
    <Value>10,000,000</Value>
    <EffectiveDate>2020-03-01</EffectiveDate>
    <Jurisdiction>IN</Jurisdiction>
    <PerPersonLim>300,000</PerPersonLim>
    <EachOccurrenceLimGovSubdivisio>1,500,000</EachOccurrenceLimGovSubdivisio>
  </GL7ProdsCompldOpsAggrega9>
  <GL7ProdsCompldOpsAggrega9 public-id="ze4jar01bscun2tog1hcufvman8">
    <Value>5,000,000</Value>
    <EffectiveDate>2020-03-01</EffectiveDate>
    <Jurisdiction>IN</Jurisdiction>
    <PerPersonLim>500,000</PerPersonLim>
    <EachOccurrenceLimGovSubdivisio>3,000,000</EachOccurrenceLimGovSubdivisio>
  </GL7ProdsCompldOpsAggrega9>
  <GL7ProdsCompldOpsAggrega9 public-id="zgegufo3f3eqo7ruflkidkrsj5a">
    <Value>7,500,000</Value>
    <EffectiveDate>2020-03-01</EffectiveDate>
    <Jurisdiction>IN</Jurisdiction>
    <PerPersonLim>300,000</PerPersonLim>
    <EachOccurrenceLimGovSubdivisio>1,500,000</EachOccurrenceLimGovSubdivisio>
  </GL7ProdsCompldOpsAggrega9>
  <GL7ProdsCompldOpsAggrega9 public-id="zgqgcvas986dq8js8t5vfu2glba">
    <Value>2,500,000</Value>
    <EffectiveDate>2020-03-01</EffectiveDate>
    <Jurisdiction>IN</Jurisdiction>
    <PerPersonLim>500,000</PerPersonLim>
    <EachOccurrenceLimGovSubdivisio>500,000</EachOccurrenceLimGovSubdivisio>
  </GL7ProdsCompldOpsAggrega9>
  <GL7ProdsCompldOpsAggrega9 public-id="zjvgkcknoms0cbvum7khrbaqfob">
    <Value>4,000,000</Value>
    <EffectiveDate>2020-03-01</EffectiveDate>
    <Jurisdiction>IN</Jurisdiction>
    <PerPersonLim>300,000</PerPersonLim>
    <EachOccurrenceLimGovSubdivisio>2,000,000</EachOccurrenceLimGovSubdivisio>
  </GL7ProdsCompldOpsAggrega9>
  <GL7ProdsCompldOpsAggrega9 public-id="zcthu99jct8q7ap4nlg1u1qvjmb">
    <Value>4,000,000</Value>
    <EffectiveDate>2020-03-01</EffectiveDate>
    <Jurisdiction>IN</Jurisdiction>
    <PerPersonLim>700,000</PerPersonLim>
    <EachOccurrenceLimGovSubdivisio>1,000,000</EachOccurrenceLimGovSubdivisio>
  </GL7ProdsCompldOpsAggrega9>
  <GL7ProdsCompldOpsAggrega9 public-id="z4lh49qjcummd2glot9a874i0c9">
    <Value>2,500,000</Value>
    <EffectiveDate>2020-03-01</EffectiveDate>
    <Jurisdiction>IN</Jurisdiction>
    <PerPersonLim>500,000</PerPersonLim>
    <EachOccurrenceLimGovSubdivisio>1,000,000</EachOccurrenceLimGovSubdivisio>
  </GL7ProdsCompldOpsAggrega9>
  <GL7ProdsCompldOpsAggrega9 public-id="zplia66h0kgqs4515jlcjvlpck8">
    <Value>5,000,000</Value>
    <EffectiveDate>2020-03-01</EffectiveDate>
    <Jurisdiction>IN</Jurisdiction>
    <PerPersonLim>500,000</PerPersonLim>
    <EachOccurrenceLimGovSubdivisio>1,000,000</EachOccurrenceLimGovSubdivisio>
  </GL7ProdsCompldOpsAggrega9>
  <GL7ProdsCompldOpsAggrega9 public-id="zf8j6pimpn6mn6jh05avn7pvuva">
    <Value>2,000,000</Value>
    <EffectiveDate>2020-03-01</EffectiveDate>
    <Jurisdiction>IN</Jurisdiction>
    <PerPersonLim>300,000</PerPersonLim>
    <EachOccurrenceLimGovSubdivisio>1,000,000</EachOccurrenceLimGovSubdivisio>
  </GL7ProdsCompldOpsAggrega9>
  <GL7ProdsCompldOpsAggrega9 public-id="zsah4f8uocgjbfal8euvjllhqh9">
    <Value>3,000,000</Value>
    <EffectiveDate>2020-03-01</EffectiveDate>
    <Jurisdiction>IN</Jurisdiction>
    <PerPersonLim>500,000</PerPersonLim>
    <EachOccurrenceLimGovSubdivisio>2,000,000</EachOccurrenceLimGovSubdivisio>
  </GL7ProdsCompldOpsAggrega9>
</import>