<?xml version="1.0"?>
<import>
  <GL7UnmannedAircraftAggre1 public-id="zhhjato9n5rsj0t1r49bt4huv1b">
    <Value>1,500,000</Value>
    <EffectiveDate>2020-03-01</EffectiveDate>
    <Jurisdiction>IN</Jurisdiction>
    <EachOccurrenceLimGovSubdivisio>300,000</EachOccurrenceLimGovSubdivisio>
  </GL7UnmannedAircraftAggre1>
  <GL7UnmannedAircraftAggre1 public-id="zluh4bhb7nuil8jv1nmdqi9sal8">
    <Value>2,000,000</Value>
    <EffectiveDate>2020-03-01</EffectiveDate>
    <Jurisdiction>IN</Jurisdiction>
    <EachOccurrenceLimGovSubdivisio>2,000,000</EachOccurrenceLimGovSubdivisio>
  </GL7UnmannedAircraftAggre1>
  <GL7UnmannedAircraftAggre1 public-id="zp2i272fmemtoc520mk2be2rqm9">
    <Value>5,000,000</Value>
    <EffectiveDate>2020-03-01</EffectiveDate>
    <Jurisdiction>IN</Jurisdiction>
    <EachOccurrenceLimGovSubdivisio>500,000</EachOccurrenceLimGovSubdivisio>
  </GL7UnmannedAircraftAggre1>
  <GL7UnmannedAircraftAggre1 public-id="zj3hki9c6tg407qnkosu33fi0i8">
    <Value>1,500,000</Value>
    <EffectiveDate>2020-03-01</EffectiveDate>
    <Jurisdiction>IN</Jurisdiction>
    <EachOccurrenceLimGovSubdivisio>1,500,000</EachOccurrenceLimGovSubdivisio>
  </GL7UnmannedAircraftAggre1>
  <GL7UnmannedAircraftAggre1 public-id="zligse8vhpj6if9k9v9b341ipia">
    <Value>7,500,000</Value>
    <EffectiveDate>2020-03-01</EffectiveDate>
    <Jurisdiction>IN</Jurisdiction>
    <EachOccurrenceLimGovSubdivisio>3,000,000</EachOccurrenceLimGovSubdivisio>
  </GL7UnmannedAircraftAggre1>
  <GL7UnmannedAircraftAggre1 public-id="zeggqltismm577kpubecmg6l0q8">
    <Value>2,000,000</Value>
    <EffectiveDate>2020-03-01</EffectiveDate>
    <Jurisdiction>IN</Jurisdiction>
    <EachOccurrenceLimGovSubdivisio>1,500,000</EachOccurrenceLimGovSubdivisio>
  </GL7UnmannedAircraftAggre1>
  <GL7UnmannedAircraftAggre1 public-id="zg9i4jidgk6nge9nsio1u0o5878">
    <Value>4,000,000</Value>
    <EffectiveDate>2020-03-01</EffectiveDate>
    <Jurisdiction>IN</Jurisdiction>
    <EachOccurrenceLimGovSubdivisio>2,000,000</EachOccurrenceLimGovSubdivisio>
  </GL7UnmannedAircraftAggre1>
  <GL7UnmannedAircraftAggre1 public-id="zhhi29k2pabb7do1ijbgnvea6ub">
    <Value>1,500,000</Value>
    <EffectiveDate>2020-03-01</EffectiveDate>
    <Jurisdiction>IN</Jurisdiction>
    <EachOccurrenceLimGovSubdivisio>1,000,000</EachOccurrenceLimGovSubdivisio>
  </GL7UnmannedAircraftAggre1>
  <GL7UnmannedAircraftAggre1 public-id="zkahm9k6bqt9dfbhma510gmnen8">
    <Value>7,500,000</Value>
    <EffectiveDate>2020-03-01</EffectiveDate>
    <Jurisdiction>IN</Jurisdiction>
    <EachOccurrenceLimGovSubdivisio>1,500,000</EachOccurrenceLimGovSubdivisio>
  </GL7UnmannedAircraftAggre1>
  <GL7UnmannedAircraftAggre1 public-id="z7ejkad2mdi3ka0lirfs9ip8cn8">
    <Value>1,000,000</Value>
    <EffectiveDate>2020-03-01</EffectiveDate>
    <Jurisdiction>IN</Jurisdiction>
    <EachOccurrenceLimGovSubdivisio>500,000</EachOccurrenceLimGovSubdivisio>
  </GL7UnmannedAircraftAggre1>
  <GL7UnmannedAircraftAggre1 public-id="zh0jg2e9fo4719ki1sjjj8hs1b9">
    <Value>7,500,000</Value>
    <EffectiveDate>2020-03-01</EffectiveDate>
    <Jurisdiction>IN</Jurisdiction>
    <EachOccurrenceLimGovSubdivisio>4,000,000</EachOccurrenceLimGovSubdivisio>
  </GL7UnmannedAircraftAggre1>
  <GL7UnmannedAircraftAggre1 public-id="znagg5p2b1dvv4cffakteiiceia">
    <Value>2,000,000</Value>
    <EffectiveDate>2020-03-01</EffectiveDate>
    <Jurisdiction>IN</Jurisdiction>
    <EachOccurrenceLimGovSubdivisio>300,000</EachOccurrenceLimGovSubdivisio>
  </GL7UnmannedAircraftAggre1>
  <GL7UnmannedAircraftAggre1 public-id="zunh6ec2cv3i055k0n2a05jjqba">
    <Value>4,000,000</Value>
    <EffectiveDate>2020-03-01</EffectiveDate>
    <Jurisdiction>IN</Jurisdiction>
    <EachOccurrenceLimGovSubdivisio>3,000,000</EachOccurrenceLimGovSubdivisio>
  </GL7UnmannedAircraftAggre1>
  <GL7UnmannedAircraftAggre1 public-id="zspge2iaccco8ekjtrfut683nkb">
    <Value>10,000,000</Value>
    <EffectiveDate>2020-03-01</EffectiveDate>
    <Jurisdiction>IN</Jurisdiction>
    <EachOccurrenceLimGovSubdivisio>2,000,000</EachOccurrenceLimGovSubdivisio>
  </GL7UnmannedAircraftAggre1>
  <GL7UnmannedAircraftAggre1 public-id="z1mi01mcma9mh4pmrtfdo07r4ta">
    <Value>2,500,000</Value>
    <EffectiveDate>2020-03-01</EffectiveDate>
    <Jurisdiction>IN</Jurisdiction>
    <EachOccurrenceLimGovSubdivisio>500,000</EachOccurrenceLimGovSubdivisio>
  </GL7UnmannedAircraftAggre1>
  <GL7UnmannedAircraftAggre1 public-id="zqii662tp28fmfkn2j9t8f6kl0b">
    <Value>3,000,000</Value>
    <EffectiveDate>2020-03-01</EffectiveDate>
    <Jurisdiction>IN</Jurisdiction>
    <EachOccurrenceLimGovSubdivisio>500,000</EachOccurrenceLimGovSubdivisio>
  </GL7UnmannedAircraftAggre1>
  <GL7UnmannedAircraftAggre1 public-id="zn4j0bcbo1b5u710umndsoha2p9">
    <Value>10,000,000</Value>
    <EffectiveDate>2020-03-01</EffectiveDate>
    <Jurisdiction>IN</Jurisdiction>
    <EachOccurrenceLimGovSubdivisio>1,000,000</EachOccurrenceLimGovSubdivisio>
  </GL7UnmannedAircraftAggre1>
  <GL7UnmannedAircraftAggre1 public-id="zjdg4vb4buj9j8erpe6spttg6ra">
    <Value>7,500,000</Value>
    <EffectiveDate>2020-03-01</EffectiveDate>
    <Jurisdiction>IN</Jurisdiction>
    <EachOccurrenceLimGovSubdivisio>1,000,000</EachOccurrenceLimGovSubdivisio>
  </GL7UnmannedAircraftAggre1>
  <GL7UnmannedAircraftAggre1 public-id="znag8h7jumsdv14ca8elovbrhb9">
    <Value>600,000</Value>
    <EffectiveDate>2020-03-01</EffectiveDate>
    <Jurisdiction>IN</Jurisdiction>
    <EachOccurrenceLimGovSubdivisio>300,000</EachOccurrenceLimGovSubdivisio>
  </GL7UnmannedAircraftAggre1>
  <GL7UnmannedAircraftAggre1 public-id="zvpgoqgg1npkobgq1o2290vt0ba">
    <Value>5,000,000</Value>
    <EffectiveDate>2020-03-01</EffectiveDate>
    <Jurisdiction>IN</Jurisdiction>
    <EachOccurrenceLimGovSubdivisio>5,000,000</EachOccurrenceLimGovSubdivisio>
  </GL7UnmannedAircraftAggre1>
  <GL7UnmannedAircraftAggre1 public-id="z6hiccdink8q42252g2ef0r8rf9">
    <Value>2,000,000</Value>
    <EffectiveDate>2020-03-01</EffectiveDate>
    <Jurisdiction>IN</Jurisdiction>
    <EachOccurrenceLimGovSubdivisio>1,000,000</EachOccurrenceLimGovSubdivisio>
  </GL7UnmannedAircraftAggre1>
  <GL7UnmannedAircraftAggre1 public-id="zh0j0f6sfnp5s9k4ibrrpthorfb">
    <Value>7,500,000</Value>
    <EffectiveDate>2020-03-01</EffectiveDate>
    <Jurisdiction>IN</Jurisdiction>
    <EachOccurrenceLimGovSubdivisio>2,000,000</EachOccurrenceLimGovSubdivisio>
  </GL7UnmannedAircraftAggre1>
  <GL7UnmannedAircraftAggre1 public-id="zurha21059dvpb36v92kbhr4hc8">
    <Value>4,000,000</Value>
    <EffectiveDate>2020-03-01</EffectiveDate>
    <Jurisdiction>IN</Jurisdiction>
    <EachOccurrenceLimGovSubdivisio>1,000,000</EachOccurrenceLimGovSubdivisio>
  </GL7UnmannedAircraftAggre1>
  <GL7UnmannedAircraftAggre1 public-id="z50g6nf25j5us0hiqfcd94hg8l8">
    <Value>10,000,000</Value>
    <EffectiveDate>2020-03-01</EffectiveDate>
    <Jurisdiction>IN</Jurisdiction>
    <EachOccurrenceLimGovSubdivisio>5,000,000</EachOccurrenceLimGovSubdivisio>
  </GL7UnmannedAircraftAggre1>
  <GL7UnmannedAircraftAggre1 public-id="zlfjsc0l58ol7dvc7impi37pb68">
    <Value>200,000</Value>
    <EffectiveDate>2020-03-01</EffectiveDate>
    <Jurisdiction>IN</Jurisdiction>
    <EachOccurrenceLimGovSubdivisio>100,000</EachOccurrenceLimGovSubdivisio>
  </GL7UnmannedAircraftAggre1>
  <GL7UnmannedAircraftAggre1 public-id="zd0h2tm1kahfae59cl4jb666g78">
    <Value>300,000</Value>
    <EffectiveDate>2020-03-01</EffectiveDate>
    <Jurisdiction>IN</Jurisdiction>
    <EachOccurrenceLimGovSubdivisio>300,000</EachOccurrenceLimGovSubdivisio>
  </GL7UnmannedAircraftAggre1>
  <GL7UnmannedAircraftAggre1 public-id="z4ij2o7u7dh7cdo8spfsr03h809">
    <Value>4,000,000</Value>
    <EffectiveDate>2020-03-01</EffectiveDate>
    <Jurisdiction>IN</Jurisdiction>
    <EachOccurrenceLimGovSubdivisio>1,500,000</EachOccurrenceLimGovSubdivisio>
  </GL7UnmannedAircraftAggre1>
  <GL7UnmannedAircraftAggre1 public-id="zs4hc45t5i8gef0h7kif3veko49">
    <Value>500,000</Value>
    <EffectiveDate>2020-03-01</EffectiveDate>
    <Jurisdiction>IN</Jurisdiction>
    <EachOccurrenceLimGovSubdivisio>500,000</EachOccurrenceLimGovSubdivisio>
  </GL7UnmannedAircraftAggre1>
  <GL7UnmannedAircraftAggre1 public-id="zfth4oe5atojp9q9jjml9sd7msa">
    <Value>4,000,000</Value>
    <EffectiveDate>2020-03-01</EffectiveDate>
    <Jurisdiction>IN</Jurisdiction>
    <EachOccurrenceLimGovSubdivisio>500,000</EachOccurrenceLimGovSubdivisio>
  </GL7UnmannedAircraftAggre1>
  <GL7UnmannedAircraftAggre1 public-id="z0cjqf6aiqh0veq8sgb6d39hlcb">
    <Value>2,500,000</Value>
    <EffectiveDate>2020-03-01</EffectiveDate>
    <Jurisdiction>IN</Jurisdiction>
    <EachOccurrenceLimGovSubdivisio>300,000</EachOccurrenceLimGovSubdivisio>
  </GL7UnmannedAircraftAggre1>
  <GL7UnmannedAircraftAggre1 public-id="zgmgk3mpdo9rl02csvks79hbkp9">
    <Value>3,000,000</Value>
    <EffectiveDate>2020-03-01</EffectiveDate>
    <Jurisdiction>IN</Jurisdiction>
    <EachOccurrenceLimGovSubdivisio>2,000,000</EachOccurrenceLimGovSubdivisio>
  </GL7UnmannedAircraftAggre1>
  <GL7UnmannedAircraftAggre1 public-id="zm5hqs87s1usk4s2n2k79qlspia">
    <Value>5,000,000</Value>
    <EffectiveDate>2020-03-01</EffectiveDate>
    <Jurisdiction>IN</Jurisdiction>
    <EachOccurrenceLimGovSubdivisio>3,000,000</EachOccurrenceLimGovSubdivisio>
  </GL7UnmannedAircraftAggre1>
  <GL7UnmannedAircraftAggre1 public-id="z6vimit7butlh54g84mjccqoip9">
    <Value>2,500,000</Value>
    <EffectiveDate>2020-03-01</EffectiveDate>
    <Jurisdiction>IN</Jurisdiction>
    <EachOccurrenceLimGovSubdivisio>2,000,000</EachOccurrenceLimGovSubdivisio>
  </GL7UnmannedAircraftAggre1>
  <GL7UnmannedAircraftAggre1 public-id="z5aiggsfc2qf87dt89illfi6bg8">
    <Value>2,500,000</Value>
    <EffectiveDate>2020-03-01</EffectiveDate>
    <Jurisdiction>IN</Jurisdiction>
    <EachOccurrenceLimGovSubdivisio>1,500,000</EachOccurrenceLimGovSubdivisio>
  </GL7UnmannedAircraftAggre1>
  <GL7UnmannedAircraftAggre1 public-id="zorhi6serbb8q78mshalp4ds36a">
    <Value>3,000,000</Value>
    <EffectiveDate>2020-03-01</EffectiveDate>
    <Jurisdiction>IN</Jurisdiction>
    <EachOccurrenceLimGovSubdivisio>300,000</EachOccurrenceLimGovSubdivisio>
  </GL7UnmannedAircraftAggre1>
  <GL7UnmannedAircraftAggre1 public-id="znki2sp3r0ph0a6u699o83epdo8">
    <Value>1,000,000</Value>
    <EffectiveDate>2020-03-01</EffectiveDate>
    <Jurisdiction>IN</Jurisdiction>
    <EachOccurrenceLimGovSubdivisio>1,000,000</EachOccurrenceLimGovSubdivisio>
  </GL7UnmannedAircraftAggre1>
  <GL7UnmannedAircraftAggre1 public-id="zdvike53qh10oc7aqfru3an8f4a">
    <Value>1,500,000</Value>
    <EffectiveDate>2020-03-01</EffectiveDate>
    <Jurisdiction>IN</Jurisdiction>
    <EachOccurrenceLimGovSubdivisio>500,000</EachOccurrenceLimGovSubdivisio>
  </GL7UnmannedAircraftAggre1>
  <GL7UnmannedAircraftAggre1 public-id="zvfj896ivghl79f6c8md9ckqoqb">
    <Value>5,000,000</Value>
    <EffectiveDate>2020-03-01</EffectiveDate>
    <Jurisdiction>IN</Jurisdiction>
    <EachOccurrenceLimGovSubdivisio>4,000,000</EachOccurrenceLimGovSubdivisio>
  </GL7UnmannedAircraftAggre1>
  <GL7UnmannedAircraftAggre1 public-id="z12g4i48f016kfafo76p4qk7jr9">
    <Value>2,000,000</Value>
    <EffectiveDate>2020-03-01</EffectiveDate>
    <Jurisdiction>IN</Jurisdiction>
    <EachOccurrenceLimGovSubdivisio>500,000</EachOccurrenceLimGovSubdivisio>
  </GL7UnmannedAircraftAggre1>
  <GL7UnmannedAircraftAggre1 public-id="zehj81cmg19og8c0mho5hg7iv0a">
    <Value>10,000,000</Value>
    <EffectiveDate>2020-03-01</EffectiveDate>
    <Jurisdiction>IN</Jurisdiction>
    <EachOccurrenceLimGovSubdivisio>4,000,000</EachOccurrenceLimGovSubdivisio>
  </GL7UnmannedAircraftAggre1>
  <GL7UnmannedAircraftAggre1 public-id="z8big37jg27fs6i1g92r5le2um9">
    <Value>1,000,000</Value>
    <EffectiveDate>2020-03-01</EffectiveDate>
    <Jurisdiction>IN</Jurisdiction>
    <EachOccurrenceLimGovSubdivisio>300,000</EachOccurrenceLimGovSubdivisio>
  </GL7UnmannedAircraftAggre1>
  <GL7UnmannedAircraftAggre1 public-id="zhdjorfbll22hcjhg4upjkdbka9">
    <Value>3,000,000</Value>
    <EffectiveDate>2020-03-01</EffectiveDate>
    <Jurisdiction>IN</Jurisdiction>
    <EachOccurrenceLimGovSubdivisio>3,000,000</EachOccurrenceLimGovSubdivisio>
  </GL7UnmannedAircraftAggre1>
  <GL7UnmannedAircraftAggre1 public-id="zkqie2phd20dndaj4hcdoaan12a">
    <Value>7,500,000</Value>
    <EffectiveDate>2020-03-01</EffectiveDate>
    <Jurisdiction>IN</Jurisdiction>
    <EachOccurrenceLimGovSubdivisio>5,000,000</EachOccurrenceLimGovSubdivisio>
  </GL7UnmannedAircraftAggre1>
  <GL7UnmannedAircraftAggre1 public-id="zmriqdc268tk82hg7qoq0c80qc9">
    <Value>10,000,000</Value>
    <EffectiveDate>2020-03-01</EffectiveDate>
    <Jurisdiction>IN</Jurisdiction>
    <EachOccurrenceLimGovSubdivisio>1,500,000</EachOccurrenceLimGovSubdivisio>
  </GL7UnmannedAircraftAggre1>
  <GL7UnmannedAircraftAggre1 public-id="z0tgsg75j936saqhhs6dbjoqt68">
    <Value>600,000</Value>
    <EffectiveDate>2020-03-01</EffectiveDate>
    <Jurisdiction>IN</Jurisdiction>
    <EachOccurrenceLimGovSubdivisio>500,000</EachOccurrenceLimGovSubdivisio>
  </GL7UnmannedAircraftAggre1>
  <GL7UnmannedAircraftAggre1 public-id="zm2hequ6su1pj76u8oavmtc96qb">
    <Value>4,000,000</Value>
    <EffectiveDate>2020-03-01</EffectiveDate>
    <Jurisdiction>IN</Jurisdiction>
    <EachOccurrenceLimGovSubdivisio>4,000,000</EachOccurrenceLimGovSubdivisio>
  </GL7UnmannedAircraftAggre1>
  <GL7UnmannedAircraftAggre1 public-id="zhmj6gl2l80gk9j2ee2546ndnf9">
    <Value>500,000</Value>
    <EffectiveDate>2020-03-01</EffectiveDate>
    <Jurisdiction>IN</Jurisdiction>
    <EachOccurrenceLimGovSubdivisio>300,000</EachOccurrenceLimGovSubdivisio>
  </GL7UnmannedAircraftAggre1>
  <GL7UnmannedAircraftAggre1 public-id="z7bi24sot1lbtd0kd3t7isi41h8">
    <Value>5,000,000</Value>
    <EffectiveDate>2020-03-01</EffectiveDate>
    <Jurisdiction>IN</Jurisdiction>
    <EachOccurrenceLimGovSubdivisio>1,500,000</EachOccurrenceLimGovSubdivisio>
  </GL7UnmannedAircraftAggre1>
  <GL7UnmannedAircraftAggre1 public-id="z8ohcvjstqdm87pkd8r1j3mlv1b">
    <Value>3,000,000</Value>
    <EffectiveDate>2020-03-01</EffectiveDate>
    <Jurisdiction>IN</Jurisdiction>
    <EachOccurrenceLimGovSubdivisio>1,000,000</EachOccurrenceLimGovSubdivisio>
  </GL7UnmannedAircraftAggre1>
  <GL7UnmannedAircraftAggre1 public-id="zqsi45ofvufoma4s2r6e74ku7ta">
    <Value>3,000,000</Value>
    <EffectiveDate>2020-03-01</EffectiveDate>
    <Jurisdiction>IN</Jurisdiction>
    <EachOccurrenceLimGovSubdivisio>1,500,000</EachOccurrenceLimGovSubdivisio>
  </GL7UnmannedAircraftAggre1>
  <GL7UnmannedAircraftAggre1 public-id="zuqis0l5tqioc09qi42kr02tn5b">
    <Value>5,000,000</Value>
    <EffectiveDate>2020-03-01</EffectiveDate>
    <Jurisdiction>IN</Jurisdiction>
    <EachOccurrenceLimGovSubdivisio>2,000,000</EachOccurrenceLimGovSubdivisio>
  </GL7UnmannedAircraftAggre1>
  <GL7UnmannedAircraftAggre1 public-id="z7oisdhhff2ad0q798aq5b0v72b">
    <Value>2,500,000</Value>
    <EffectiveDate>2020-03-01</EffectiveDate>
    <Jurisdiction>IN</Jurisdiction>
    <EachOccurrenceLimGovSubdivisio>1,000,000</EachOccurrenceLimGovSubdivisio>
  </GL7UnmannedAircraftAggre1>
  <GL7UnmannedAircraftAggre1 public-id="zjbjmdvvp72gk7qutrmbp17h7g8">
    <Value>10,000,000</Value>
    <EffectiveDate>2020-03-01</EffectiveDate>
    <Jurisdiction>IN</Jurisdiction>
    <EachOccurrenceLimGovSubdivisio>3,000,000</EachOccurrenceLimGovSubdivisio>
  </GL7UnmannedAircraftAggre1>
  <GL7UnmannedAircraftAggre1 public-id="zn2gg0ehvcvpdcckm21csak1rmb">
    <Value>5,000,000</Value>
    <EffectiveDate>2020-03-01</EffectiveDate>
    <Jurisdiction>IN</Jurisdiction>
    <EachOccurrenceLimGovSubdivisio>1,000,000</EachOccurrenceLimGovSubdivisio>
  </GL7UnmannedAircraftAggre1>
</import>