<?xml version='1.0' encoding='UTF-8'?>
<import>
  <GL7OwnersContractorsELPRT public-id="zc0hocf663vjs2k9doep9dubc38">
    <Value>0</Value>
    <EffectiveDate>2019-12-01</EffectiveDate>
    <Jurisdiction>IA</Jurisdiction>
    <ClassCodeOwnersContrctrs>15191</ClassCodeOwnersContrctrs>
  </GL7OwnersContractorsELPRT>
  <GL7OwnersContractorsELPRT public-id="zgrhi3anlkmb42a8k7vp9u730c8">
    <Value>0.95</Value>
    <EffectiveDate>2019-12-01</EffectiveDate>
    <Jurisdiction>IA</Jurisdiction>
    <ClassCodeOwnersContrctrs>15192</ClassCodeOwnersContrctrs>
  </GL7OwnersContractorsELPRT>
  <GL7OwnersContractorsELPRT public-id="zl7hgbuui9jlb7efssei1h2umn8">
    <Value>0</Value>
    <EffectiveDate>2019-12-01</EffectiveDate>
    <Jurisdiction>IA</Jurisdiction>
    <ClassCodeOwnersContrctrs>16291</ClassCodeOwnersContrctrs>
  </GL7OwnersContractorsELPRT>
  <GL7OwnersContractorsELPRT public-id="z9gggpl3hrb6sc73a3g3o3lmq0b">
    <Value>0</Value>
    <EffectiveDate>2019-12-01</EffectiveDate>
    <Jurisdiction>IA</Jurisdiction>
    <ClassCodeOwnersContrctrs>16292</ClassCodeOwnersContrctrs>
  </GL7OwnersContractorsELPRT>
  <GL7OwnersContractorsELPRT public-id="zhghseci7gvf7f4khojk1o47f29">
    <Value>0</Value>
    <EffectiveDate>2019-12-01</EffectiveDate>
    <Jurisdiction>IA</Jurisdiction>
    <ClassCodeOwnersContrctrs>17982</ClassCodeOwnersContrctrs>
  </GL7OwnersContractorsELPRT>
  <GL7OwnersContractorsELPRT public-id="z4lia5hs9sdq3dga38pa827043b">
    <Value>0</Value>
    <EffectiveDate>2019-12-01</EffectiveDate>
    <Jurisdiction>IA</Jurisdiction>
    <ClassCodeOwnersContrctrs>27111</ClassCodeOwnersContrctrs>
  </GL7OwnersContractorsELPRT>
  <GL7OwnersContractorsELPRT public-id="zkvi4278djmmacv172n5coq56vb">
    <Value>0</Value>
    <EffectiveDate>2019-12-01</EffectiveDate>
    <Jurisdiction>IA</Jurisdiction>
    <ClassCodeOwnersContrctrs>27112</ClassCodeOwnersContrctrs>
  </GL7OwnersContractorsELPRT>
  <GL7OwnersContractorsELPRT public-id="zpti6padhbear98d8fgou7ia9f8">
    <Value>0.54</Value>
    <EffectiveDate>2019-12-01</EffectiveDate>
    <Jurisdiction>IA</Jurisdiction>
    <ClassCodeOwnersContrctrs>91181</ClassCodeOwnersContrctrs>
  </GL7OwnersContractorsELPRT>
  <GL7OwnersContractorsELPRT public-id="zobgslcsf1n6aae3q3eqvap32qa">
    <Value>0.68</Value>
    <EffectiveDate>2019-12-01</EffectiveDate>
    <Jurisdiction>IA</Jurisdiction>
    <ClassCodeOwnersContrctrs>93161</ClassCodeOwnersContrctrs>
  </GL7OwnersContractorsELPRT>
  <GL7OwnersContractorsELPRT public-id="zn0jg1t8nf1vq21kq2om53qtm1a">
    <Value>0.48</Value>
    <EffectiveDate>2019-12-01</EffectiveDate>
    <Jurisdiction>IA</Jurisdiction>
    <ClassCodeOwnersContrctrs>93163</ClassCodeOwnersContrctrs>
  </GL7OwnersContractorsELPRT>
  <GL7OwnersContractorsELPRT public-id="zubigq9dpuj97aboae255jur7qa">
    <Value>0</Value>
    <EffectiveDate>2019-12-01</EffectiveDate>
    <Jurisdiction>IA</Jurisdiction>
    <ClassCodeOwnersContrctrs>93040</ClassCodeOwnersContrctrs>
  </GL7OwnersContractorsELPRT>
  <GL7OwnersContractorsELPRT public-id="zcfje2r2la6817inuegmf05f1ka">
    <Value>0</Value>
    <EffectiveDate>2020-09-01</EffectiveDate>
    <Jurisdiction>IL</Jurisdiction>
    <ClassCodeOwnersContrctrs>16292</ClassCodeOwnersContrctrs>
  </GL7OwnersContractorsELPRT>
  <GL7OwnersContractorsELPRT public-id="zlqi4ehikck8k7q09f2fc71ls1b">
    <Value>0</Value>
    <EffectiveDate>2020-09-01</EffectiveDate>
    <Jurisdiction>IL</Jurisdiction>
    <ClassCodeOwnersContrctrs>17982</ClassCodeOwnersContrctrs>
  </GL7OwnersContractorsELPRT>
  <GL7OwnersContractorsELPRT public-id="zaciihg0i25qk54qf6kr55odija">
    <Value>0</Value>
    <EffectiveDate>2020-09-01</EffectiveDate>
    <Jurisdiction>IL</Jurisdiction>
    <ClassCodeOwnersContrctrs>93040</ClassCodeOwnersContrctrs>
  </GL7OwnersContractorsELPRT>
  <GL7OwnersContractorsELPRT public-id="z4vhu9pb891us12t9rna9u7c1lb">
    <Value>0</Value>
    <EffectiveDate>2020-09-01</EffectiveDate>
    <Jurisdiction>IL</Jurisdiction>
    <ClassCodeOwnersContrctrs>15191</ClassCodeOwnersContrctrs>
  </GL7OwnersContractorsELPRT>
  <GL7OwnersContractorsELPRT public-id="z3gi2mh4topbo2gbe8j3ao1fin9">
    <Value>0.95</Value>
    <EffectiveDate>2020-09-01</EffectiveDate>
    <Jurisdiction>IL</Jurisdiction>
    <ClassCodeOwnersContrctrs>15192</ClassCodeOwnersContrctrs>
  </GL7OwnersContractorsELPRT>
  <GL7OwnersContractorsELPRT public-id="za1jg6jqkiv719dulet07jlle8b">
    <Value>0</Value>
    <EffectiveDate>2020-09-01</EffectiveDate>
    <Jurisdiction>IL</Jurisdiction>
    <ClassCodeOwnersContrctrs>16291</ClassCodeOwnersContrctrs>
  </GL7OwnersContractorsELPRT>
  <GL7OwnersContractorsELPRT public-id="zmng410fumhendkkh68q67rlcib">
    <Value>0</Value>
    <EffectiveDate>2020-09-01</EffectiveDate>
    <Jurisdiction>IL</Jurisdiction>
    <ClassCodeOwnersContrctrs>27112</ClassCodeOwnersContrctrs>
  </GL7OwnersContractorsELPRT>
  <GL7OwnersContractorsELPRT public-id="z3sgirt1hrrs71ul3vj7fcas14b">
    <Value>0.48</Value>
    <EffectiveDate>2020-09-01</EffectiveDate>
    <Jurisdiction>IL</Jurisdiction>
    <ClassCodeOwnersContrctrs>93163</ClassCodeOwnersContrctrs>
  </GL7OwnersContractorsELPRT>
  <GL7OwnersContractorsELPRT public-id="zpbi8lrmm5cufa4mrh93dcf6738">
    <Value>0</Value>
    <EffectiveDate>2020-09-01</EffectiveDate>
    <Jurisdiction>IL</Jurisdiction>
    <ClassCodeOwnersContrctrs>27111</ClassCodeOwnersContrctrs>
  </GL7OwnersContractorsELPRT>
  <GL7OwnersContractorsELPRT public-id="ztoj0tduegrlu1s1km41qv8dqs8">
    <Value>0.54</Value>
    <EffectiveDate>2020-09-01</EffectiveDate>
    <Jurisdiction>IL</Jurisdiction>
    <ClassCodeOwnersContrctrs>91181</ClassCodeOwnersContrctrs>
  </GL7OwnersContractorsELPRT>
  <GL7OwnersContractorsELPRT public-id="za6hk250t4jpq2vbainib0log8a">
    <Value>0.68</Value>
    <EffectiveDate>2020-09-01</EffectiveDate>
    <Jurisdiction>IL</Jurisdiction>
    <ClassCodeOwnersContrctrs>93161</ClassCodeOwnersContrctrs>
  </GL7OwnersContractorsELPRT>
  <GL7OwnersContractorsELPRT public-id="zdah0hu0qlo5v0mi2a09a9ini0b">
    <Value>0</Value>
    <EffectiveDate>2020-03-01</EffectiveDate>
    <Jurisdiction>IN</Jurisdiction>
    <ClassCodeOwnersContrctrs>16292</ClassCodeOwnersContrctrs>
  </GL7OwnersContractorsELPRT>
  <GL7OwnersContractorsELPRT public-id="zffh6q1cc1j6q13cs5n7lhapta9">
    <Value>0</Value>
    <EffectiveDate>2020-03-01</EffectiveDate>
    <Jurisdiction>IN</Jurisdiction>
    <ClassCodeOwnersContrctrs>17982</ClassCodeOwnersContrctrs>
  </GL7OwnersContractorsELPRT>
  <GL7OwnersContractorsELPRT public-id="zrvg4qkf8bav454jg1c7e7ha2g9">
    <Value>0</Value>
    <EffectiveDate>2020-03-01</EffectiveDate>
    <Jurisdiction>IN</Jurisdiction>
    <ClassCodeOwnersContrctrs>93040</ClassCodeOwnersContrctrs>
  </GL7OwnersContractorsELPRT>
  <GL7OwnersContractorsELPRT public-id="z7rimh8504bq551l567hf0pa759">
    <Value>0</Value>
    <EffectiveDate>2020-03-01</EffectiveDate>
    <Jurisdiction>IN</Jurisdiction>
    <ClassCodeOwnersContrctrs>15191</ClassCodeOwnersContrctrs>
  </GL7OwnersContractorsELPRT>
  <GL7OwnersContractorsELPRT public-id="zo4iukbrmqncoc05lktiemu6a2b">
    <Value>0.95</Value>
    <EffectiveDate>2020-03-01</EffectiveDate>
    <Jurisdiction>IN</Jurisdiction>
    <ClassCodeOwnersContrctrs>15192</ClassCodeOwnersContrctrs>
  </GL7OwnersContractorsELPRT>
  <GL7OwnersContractorsELPRT public-id="zfgia0ge0e91jb46bvia45pljeb">
    <Value>0</Value>
    <EffectiveDate>2020-03-01</EffectiveDate>
    <Jurisdiction>IN</Jurisdiction>
    <ClassCodeOwnersContrctrs>16291</ClassCodeOwnersContrctrs>
  </GL7OwnersContractorsELPRT>
  <GL7OwnersContractorsELPRT public-id="zldj0qi27v1av6c42mcdl2v155b">
    <Value>0</Value>
    <EffectiveDate>2020-03-01</EffectiveDate>
    <Jurisdiction>IN</Jurisdiction>
    <ClassCodeOwnersContrctrs>27112</ClassCodeOwnersContrctrs>
  </GL7OwnersContractorsELPRT>
  <GL7OwnersContractorsELPRT public-id="zbeha4kf6bv4f7andipnedl8lbb">
    <Value>0.48</Value>
    <EffectiveDate>2020-03-01</EffectiveDate>
    <Jurisdiction>IN</Jurisdiction>
    <ClassCodeOwnersContrctrs>93163</ClassCodeOwnersContrctrs>
  </GL7OwnersContractorsELPRT>
  <GL7OwnersContractorsELPRT public-id="zrhgihn5i30ba4he7iam3690k18">
    <Value>0</Value>
    <EffectiveDate>2020-03-01</EffectiveDate>
    <Jurisdiction>IN</Jurisdiction>
    <ClassCodeOwnersContrctrs>27111</ClassCodeOwnersContrctrs>
  </GL7OwnersContractorsELPRT>
  <GL7OwnersContractorsELPRT public-id="zdchsvam9m7pn423s7fkvrp4isb">
    <Value>0.54</Value>
    <EffectiveDate>2020-03-01</EffectiveDate>
    <Jurisdiction>IN</Jurisdiction>
    <ClassCodeOwnersContrctrs>91181</ClassCodeOwnersContrctrs>
  </GL7OwnersContractorsELPRT>
  <GL7OwnersContractorsELPRT public-id="zl9gicp7srounb0t4to091mhopa">
    <Value>0.68</Value>
    <EffectiveDate>2020-03-01</EffectiveDate>
    <Jurisdiction>IN</Jurisdiction>
    <ClassCodeOwnersContrctrs>93161</ClassCodeOwnersContrctrs>
  </GL7OwnersContractorsELPRT>
  <GL7OwnersContractorsELPRT public-id="z9fjkbvsgqofs41qom6hd5jm8ib">
    <Value>0</Value>
    <EffectiveDate>2020-11-01</EffectiveDate>
    <Jurisdiction>MI</Jurisdiction>
    <ClassCodeOwnersContrctrs>16292</ClassCodeOwnersContrctrs>
  </GL7OwnersContractorsELPRT>
  <GL7OwnersContractorsELPRT public-id="zosim5lr4s5dgb8cg3juivib3gb">
    <Value>0</Value>
    <EffectiveDate>2020-11-01</EffectiveDate>
    <Jurisdiction>MI</Jurisdiction>
    <ClassCodeOwnersContrctrs>17982</ClassCodeOwnersContrctrs>
  </GL7OwnersContractorsELPRT>
  <GL7OwnersContractorsELPRT public-id="z55i2mukj73njb87qgoc8pd3678">
    <Value>0</Value>
    <EffectiveDate>2020-11-01</EffectiveDate>
    <Jurisdiction>MI</Jurisdiction>
    <ClassCodeOwnersContrctrs>93040</ClassCodeOwnersContrctrs>
  </GL7OwnersContractorsELPRT>
  <GL7OwnersContractorsELPRT public-id="zd9gk7dbmkjtf9nct4ndk4uaqr9">
    <Value>0</Value>
    <EffectiveDate>2020-11-01</EffectiveDate>
    <Jurisdiction>MI</Jurisdiction>
    <ClassCodeOwnersContrctrs>15191</ClassCodeOwnersContrctrs>
  </GL7OwnersContractorsELPRT>
  <GL7OwnersContractorsELPRT public-id="zv2hcgrdq5gv5fr3bjl523u00aa">
    <Value>0.95</Value>
    <EffectiveDate>2020-11-01</EffectiveDate>
    <Jurisdiction>MI</Jurisdiction>
    <ClassCodeOwnersContrctrs>15192</ClassCodeOwnersContrctrs>
  </GL7OwnersContractorsELPRT>
  <GL7OwnersContractorsELPRT public-id="zs9ggvu269s2d0tm3qn9htoj6c8">
    <Value>0</Value>
    <EffectiveDate>2020-11-01</EffectiveDate>
    <Jurisdiction>MI</Jurisdiction>
    <ClassCodeOwnersContrctrs>16291</ClassCodeOwnersContrctrs>
  </GL7OwnersContractorsELPRT>
  <GL7OwnersContractorsELPRT public-id="z3igs6qh7vqvv3khm6e83188mp9">
    <Value>0</Value>
    <EffectiveDate>2020-11-01</EffectiveDate>
    <Jurisdiction>MI</Jurisdiction>
    <ClassCodeOwnersContrctrs>27112</ClassCodeOwnersContrctrs>
  </GL7OwnersContractorsELPRT>
  <GL7OwnersContractorsELPRT public-id="zbpgke7h35iv12813pem8c40bia">
    <Value>0.48</Value>
    <EffectiveDate>2020-11-01</EffectiveDate>
    <Jurisdiction>MI</Jurisdiction>
    <ClassCodeOwnersContrctrs>93163</ClassCodeOwnersContrctrs>
  </GL7OwnersContractorsELPRT>
  <GL7OwnersContractorsELPRT public-id="zk2gkkre8dokb17r116icpfkoq8">
    <Value>0</Value>
    <EffectiveDate>2020-11-01</EffectiveDate>
    <Jurisdiction>MI</Jurisdiction>
    <ClassCodeOwnersContrctrs>27111</ClassCodeOwnersContrctrs>
  </GL7OwnersContractorsELPRT>
  <GL7OwnersContractorsELPRT public-id="zf6gm930pkjjaa12nei240ui4m8">
    <Value>0.54</Value>
    <EffectiveDate>2020-11-01</EffectiveDate>
    <Jurisdiction>MI</Jurisdiction>
    <ClassCodeOwnersContrctrs>91181</ClassCodeOwnersContrctrs>
  </GL7OwnersContractorsELPRT>
  <GL7OwnersContractorsELPRT public-id="zm8ik4ebeer7fej40su2544bt4a">
    <Value>0.68</Value>
    <EffectiveDate>2020-11-01</EffectiveDate>
    <Jurisdiction>MI</Jurisdiction>
    <ClassCodeOwnersContrctrs>93161</ClassCodeOwnersContrctrs>
  </GL7OwnersContractorsELPRT>
  <GL7OwnersContractorsELPRT public-id="zgiio8l8ssd51289hg7ikb8r318">
    <Value>0</Value>
    <EffectiveDate>2020-03-01</EffectiveDate>
    <Jurisdiction>OH</Jurisdiction>
    <ClassCodeOwnersContrctrs>16292</ClassCodeOwnersContrctrs>
  </GL7OwnersContractorsELPRT>
  <GL7OwnersContractorsELPRT public-id="z0phkfk043j90dm1pbv7lmvbnsa">
    <Value>0</Value>
    <EffectiveDate>2020-03-01</EffectiveDate>
    <Jurisdiction>OH</Jurisdiction>
    <ClassCodeOwnersContrctrs>17982</ClassCodeOwnersContrctrs>
  </GL7OwnersContractorsELPRT>
  <GL7OwnersContractorsELPRT public-id="znqhsh6ac7qne9h77m82ogtqp28">
    <Value>0</Value>
    <EffectiveDate>2020-03-01</EffectiveDate>
    <Jurisdiction>OH</Jurisdiction>
    <ClassCodeOwnersContrctrs>93040</ClassCodeOwnersContrctrs>
  </GL7OwnersContractorsELPRT>
  <GL7OwnersContractorsELPRT public-id="znqgsv8vkohq229fc864dk1fj58">
    <Value>0</Value>
    <EffectiveDate>2020-03-01</EffectiveDate>
    <Jurisdiction>OH</Jurisdiction>
    <ClassCodeOwnersContrctrs>15191</ClassCodeOwnersContrctrs>
  </GL7OwnersContractorsELPRT>
  <GL7OwnersContractorsELPRT public-id="zt5hk77o4m0hrc0ch7e3eruv3mb">
    <Value>0.95</Value>
    <EffectiveDate>2020-03-01</EffectiveDate>
    <Jurisdiction>OH</Jurisdiction>
    <ClassCodeOwnersContrctrs>15192</ClassCodeOwnersContrctrs>
  </GL7OwnersContractorsELPRT>
  <GL7OwnersContractorsELPRT public-id="zu4is0om9ifcu6k7eiia1v6dgn9">
    <Value>0</Value>
    <EffectiveDate>2020-03-01</EffectiveDate>
    <Jurisdiction>OH</Jurisdiction>
    <ClassCodeOwnersContrctrs>16291</ClassCodeOwnersContrctrs>
  </GL7OwnersContractorsELPRT>
  <GL7OwnersContractorsELPRT public-id="zrlhkj45uagikei882362pihgr8">
    <Value>0</Value>
    <EffectiveDate>2020-03-01</EffectiveDate>
    <Jurisdiction>OH</Jurisdiction>
    <ClassCodeOwnersContrctrs>27112</ClassCodeOwnersContrctrs>
  </GL7OwnersContractorsELPRT>
  <GL7OwnersContractorsELPRT public-id="z0jjgeojr8rccfb8ptjlpisc58b">
    <Value>0.48</Value>
    <EffectiveDate>2020-03-01</EffectiveDate>
    <Jurisdiction>OH</Jurisdiction>
    <ClassCodeOwnersContrctrs>93163</ClassCodeOwnersContrctrs>
  </GL7OwnersContractorsELPRT>
  <GL7OwnersContractorsELPRT public-id="zl1i847v623cbdffeqgb73oqtn9">
    <Value>0</Value>
    <EffectiveDate>2020-03-01</EffectiveDate>
    <Jurisdiction>OH</Jurisdiction>
    <ClassCodeOwnersContrctrs>27111</ClassCodeOwnersContrctrs>
  </GL7OwnersContractorsELPRT>
  <GL7OwnersContractorsELPRT public-id="zenj46l4rdb9t8qcr4qoi973cua">
    <Value>0.54</Value>
    <EffectiveDate>2020-03-01</EffectiveDate>
    <Jurisdiction>OH</Jurisdiction>
    <ClassCodeOwnersContrctrs>91181</ClassCodeOwnersContrctrs>
  </GL7OwnersContractorsELPRT>
  <GL7OwnersContractorsELPRT public-id="z86jqqd7ail4hc0bq46m0nl5foa">
    <Value>0.68</Value>
    <EffectiveDate>2020-03-01</EffectiveDate>
    <Jurisdiction>OH</Jurisdiction>
    <ClassCodeOwnersContrctrs>93161</ClassCodeOwnersContrctrs>
  </GL7OwnersContractorsELPRT>
</import>