<?xml version='1.0' encoding='UTF-8'?>
<import>
  <GL7OwnersContractorsELPTe public-id="zrhjohtgf5r8fbr2u43e744cip8">
    <Value>Industry</Value>
    <EffectiveDate>2019-12-01</EffectiveDate>
    <Jurisdiction>IA</Jurisdiction>
    <ClassCodeOwnersContrctrs>15192</ClassCodeOwnersContrctrs>
  </GL7OwnersContractorsELPTe>
  <GL7OwnersContractorsELPTe public-id="z9phses5gvgvcd8ebqe4uh6r8f8">
    <Value>Industry</Value>
    <EffectiveDate>2019-12-01</EffectiveDate>
    <Jurisdiction>IA</Jurisdiction>
    <ClassCodeOwnersContrctrs>15191</ClassCodeOwnersContrctrs>
  </GL7OwnersContractorsELPTe>
  <GL7OwnersContractorsELPTe public-id="z7ajmroed0m6hce0ojnmjk6lpt8">
    <Value>Rate/Loss Cost Applies</Value>
    <EffectiveDate>2019-12-01</EffectiveDate>
    <Jurisdiction>IA</Jurisdiction>
    <ClassCodeOwnersContrctrs>16291</ClassCodeOwnersContrctrs>
  </GL7OwnersContractorsELPTe>
  <GL7OwnersContractorsELPTe public-id="zltiululvqvt34rnusp78p1uat8">
    <Value>Rate/Loss Cost Applies</Value>
    <EffectiveDate>2019-12-01</EffectiveDate>
    <Jurisdiction>IA</Jurisdiction>
    <ClassCodeOwnersContrctrs>16292</ClassCodeOwnersContrctrs>
  </GL7OwnersContractorsELPTe>
  <GL7OwnersContractorsELPTe public-id="zrlje5vtv61jadpa7lrmjkmraba">
    <Value>Company</Value>
    <EffectiveDate>2019-12-01</EffectiveDate>
    <Jurisdiction>IA</Jurisdiction>
    <ClassCodeOwnersContrctrs>17982</ClassCodeOwnersContrctrs>
  </GL7OwnersContractorsELPTe>
  <GL7OwnersContractorsELPTe public-id="znghs6rdqgd744b741b90jd6ot9">
    <Value>Rate/Loss Cost Applies</Value>
    <EffectiveDate>2019-12-01</EffectiveDate>
    <Jurisdiction>IA</Jurisdiction>
    <ClassCodeOwnersContrctrs>27111</ClassCodeOwnersContrctrs>
  </GL7OwnersContractorsELPTe>
  <GL7OwnersContractorsELPTe public-id="zqajsg64rajc6d03lhipoesikrb">
    <Value>Rate/Loss Cost Applies</Value>
    <EffectiveDate>2019-12-01</EffectiveDate>
    <Jurisdiction>IA</Jurisdiction>
    <ClassCodeOwnersContrctrs>27112</ClassCodeOwnersContrctrs>
  </GL7OwnersContractorsELPTe>
  <GL7OwnersContractorsELPTe public-id="z2uiarqpdp3fpd3shg93ih5qrs8">
    <Value>Industry</Value>
    <EffectiveDate>2019-12-01</EffectiveDate>
    <Jurisdiction>IA</Jurisdiction>
    <ClassCodeOwnersContrctrs>91181</ClassCodeOwnersContrctrs>
  </GL7OwnersContractorsELPTe>
  <GL7OwnersContractorsELPTe public-id="zdigiful2dnbkbvevf6mb9dcmma">
    <Value>Company</Value>
    <EffectiveDate>2019-12-01</EffectiveDate>
    <Jurisdiction>IA</Jurisdiction>
    <ClassCodeOwnersContrctrs>93040</ClassCodeOwnersContrctrs>
  </GL7OwnersContractorsELPTe>
  <GL7OwnersContractorsELPTe public-id="znkicnrho6nmf94etihphr023i8">
    <Value>Industry</Value>
    <EffectiveDate>2019-12-01</EffectiveDate>
    <Jurisdiction>IA</Jurisdiction>
    <ClassCodeOwnersContrctrs>93161</ClassCodeOwnersContrctrs>
  </GL7OwnersContractorsELPTe>
  <GL7OwnersContractorsELPTe public-id="z8ljefjpbcpueedqp0meuasqdv9">
    <Value>Industry</Value>
    <EffectiveDate>2019-12-01</EffectiveDate>
    <Jurisdiction>IA</Jurisdiction>
    <ClassCodeOwnersContrctrs>93163</ClassCodeOwnersContrctrs>
  </GL7OwnersContractorsELPTe>
  <GL7OwnersContractorsELPTe public-id="z82hin8lgo235cho954ur2vhfv9">
    <Value>Rate/Loss Cost Applies</Value>
    <EffectiveDate>2020-09-01</EffectiveDate>
    <Jurisdiction>IL</Jurisdiction>
    <ClassCodeOwnersContrctrs>16291</ClassCodeOwnersContrctrs>
  </GL7OwnersContractorsELPTe>
  <GL7OwnersContractorsELPTe public-id="z7lisnck4nlq72va4grk6426018">
    <Value>Company</Value>
    <EffectiveDate>2020-09-01</EffectiveDate>
    <Jurisdiction>IL</Jurisdiction>
    <ClassCodeOwnersContrctrs>93040</ClassCodeOwnersContrctrs>
  </GL7OwnersContractorsELPTe>
  <GL7OwnersContractorsELPTe public-id="zgfgmu2t0fl0d28g9tvapudugka">
    <Value>Company</Value>
    <EffectiveDate>2020-09-01</EffectiveDate>
    <Jurisdiction>IL</Jurisdiction>
    <ClassCodeOwnersContrctrs>17982</ClassCodeOwnersContrctrs>
  </GL7OwnersContractorsELPTe>
  <GL7OwnersContractorsELPTe public-id="zjnioq6eknsnk6oms69r0u38f68">
    <Value>Industry</Value>
    <EffectiveDate>2020-09-01</EffectiveDate>
    <Jurisdiction>IL</Jurisdiction>
    <ClassCodeOwnersContrctrs>91181</ClassCodeOwnersContrctrs>
  </GL7OwnersContractorsELPTe>
  <GL7OwnersContractorsELPTe public-id="z0vggni1tjh013cf7ren9mhlmg8">
    <Value>Rate/Loss Cost Applies</Value>
    <EffectiveDate>2020-09-01</EffectiveDate>
    <Jurisdiction>IL</Jurisdiction>
    <ClassCodeOwnersContrctrs>27111</ClassCodeOwnersContrctrs>
  </GL7OwnersContractorsELPTe>
  <GL7OwnersContractorsELPTe public-id="z8bh2mpitdp0odnp5j2d8qj1e38">
    <Value>Rate/Loss Cost Applies</Value>
    <EffectiveDate>2020-09-01</EffectiveDate>
    <Jurisdiction>IL</Jurisdiction>
    <ClassCodeOwnersContrctrs>27112</ClassCodeOwnersContrctrs>
  </GL7OwnersContractorsELPTe>
  <GL7OwnersContractorsELPTe public-id="zuhjk4voebam06h8alko81srina">
    <Value>Industry</Value>
    <EffectiveDate>2020-09-01</EffectiveDate>
    <Jurisdiction>IL</Jurisdiction>
    <ClassCodeOwnersContrctrs>93163</ClassCodeOwnersContrctrs>
  </GL7OwnersContractorsELPTe>
  <GL7OwnersContractorsELPTe public-id="zj2iubiji4mnmau0un9j6vmr5cb">
    <Value>Industry</Value>
    <EffectiveDate>2020-09-01</EffectiveDate>
    <Jurisdiction>IL</Jurisdiction>
    <ClassCodeOwnersContrctrs>15191</ClassCodeOwnersContrctrs>
  </GL7OwnersContractorsELPTe>
  <GL7OwnersContractorsELPTe public-id="zfuiofd7t2p04823c0odbi94fs9">
    <Value>Rate/Loss Cost Applies</Value>
    <EffectiveDate>2020-09-01</EffectiveDate>
    <Jurisdiction>IL</Jurisdiction>
    <ClassCodeOwnersContrctrs>16292</ClassCodeOwnersContrctrs>
  </GL7OwnersContractorsELPTe>
  <GL7OwnersContractorsELPTe public-id="zvdh2rle5lumd5so225o5196tub">
    <Value>Industry</Value>
    <EffectiveDate>2020-09-01</EffectiveDate>
    <Jurisdiction>IL</Jurisdiction>
    <ClassCodeOwnersContrctrs>15192</ClassCodeOwnersContrctrs>
  </GL7OwnersContractorsELPTe>
  <GL7OwnersContractorsELPTe public-id="zecgaudtm9suo8tm7jf037k0bc8">
    <Value>Industry</Value>
    <EffectiveDate>2020-09-01</EffectiveDate>
    <Jurisdiction>IL</Jurisdiction>
    <ClassCodeOwnersContrctrs>93161</ClassCodeOwnersContrctrs>
  </GL7OwnersContractorsELPTe>
  <GL7OwnersContractorsELPTe public-id="zc4gokt2gvd5s645lm6v1afgdhb">
    <Value>Rate/Loss Cost Applies</Value>
    <EffectiveDate>2020-03-01</EffectiveDate>
    <Jurisdiction>IN</Jurisdiction>
    <ClassCodeOwnersContrctrs>16291</ClassCodeOwnersContrctrs>
  </GL7OwnersContractorsELPTe>
  <GL7OwnersContractorsELPTe public-id="zdnigul2bqrr5dmutr2pldj1q98">
    <Value>Company</Value>
    <EffectiveDate>2020-03-01</EffectiveDate>
    <Jurisdiction>IN</Jurisdiction>
    <ClassCodeOwnersContrctrs>93040</ClassCodeOwnersContrctrs>
  </GL7OwnersContractorsELPTe>
  <GL7OwnersContractorsELPTe public-id="zh1jikjmllea9aovaad4epmjh89">
    <Value>Company</Value>
    <EffectiveDate>2020-03-01</EffectiveDate>
    <Jurisdiction>IN</Jurisdiction>
    <ClassCodeOwnersContrctrs>17982</ClassCodeOwnersContrctrs>
  </GL7OwnersContractorsELPTe>
  <GL7OwnersContractorsELPTe public-id="zfpi2arqgpn1n0n03qs3cmif3ba">
    <Value>Industry</Value>
    <EffectiveDate>2020-03-01</EffectiveDate>
    <Jurisdiction>IN</Jurisdiction>
    <ClassCodeOwnersContrctrs>91181</ClassCodeOwnersContrctrs>
  </GL7OwnersContractorsELPTe>
  <GL7OwnersContractorsELPTe public-id="zb3ge5iatr7mge838ocq3s9qr5a">
    <Value>Rate/Loss Cost Applies</Value>
    <EffectiveDate>2020-03-01</EffectiveDate>
    <Jurisdiction>IN</Jurisdiction>
    <ClassCodeOwnersContrctrs>27111</ClassCodeOwnersContrctrs>
  </GL7OwnersContractorsELPTe>
  <GL7OwnersContractorsELPTe public-id="z4mh652i8h3o27blvjaijbr55fb">
    <Value>Rate/Loss Cost Applies</Value>
    <EffectiveDate>2020-03-01</EffectiveDate>
    <Jurisdiction>IN</Jurisdiction>
    <ClassCodeOwnersContrctrs>27112</ClassCodeOwnersContrctrs>
  </GL7OwnersContractorsELPTe>
  <GL7OwnersContractorsELPTe public-id="zc3ginjcmlelj5fs396nm7a5tca">
    <Value>Industry</Value>
    <EffectiveDate>2020-03-01</EffectiveDate>
    <Jurisdiction>IN</Jurisdiction>
    <ClassCodeOwnersContrctrs>93163</ClassCodeOwnersContrctrs>
  </GL7OwnersContractorsELPTe>
  <GL7OwnersContractorsELPTe public-id="z0lgm3an1uhs2fgc3f3qle9bk89">
    <Value>Industry</Value>
    <EffectiveDate>2020-03-01</EffectiveDate>
    <Jurisdiction>IN</Jurisdiction>
    <ClassCodeOwnersContrctrs>15191</ClassCodeOwnersContrctrs>
  </GL7OwnersContractorsELPTe>
  <GL7OwnersContractorsELPTe public-id="z18imvdcvfg9vc89ij1sm33joq8">
    <Value>Rate/Loss Cost Applies</Value>
    <EffectiveDate>2020-03-01</EffectiveDate>
    <Jurisdiction>IN</Jurisdiction>
    <ClassCodeOwnersContrctrs>16292</ClassCodeOwnersContrctrs>
  </GL7OwnersContractorsELPTe>
  <GL7OwnersContractorsELPTe public-id="zo8g0g4rp8ab9cj586aq7oirft8">
    <Value>Industry</Value>
    <EffectiveDate>2020-03-01</EffectiveDate>
    <Jurisdiction>IN</Jurisdiction>
    <ClassCodeOwnersContrctrs>15192</ClassCodeOwnersContrctrs>
  </GL7OwnersContractorsELPTe>
  <GL7OwnersContractorsELPTe public-id="z5vj2ehmfvo777jpe1nhgc8jsn9">
    <Value>Industry</Value>
    <EffectiveDate>2020-03-01</EffectiveDate>
    <Jurisdiction>IN</Jurisdiction>
    <ClassCodeOwnersContrctrs>93161</ClassCodeOwnersContrctrs>
  </GL7OwnersContractorsELPTe>
  <GL7OwnersContractorsELPTe public-id="zmngo20nhj4hgeq0d64pcpbcm3a">
    <Value>Rate/Loss Cost Applies</Value>
    <EffectiveDate>2020-11-01</EffectiveDate>
    <Jurisdiction>MI</Jurisdiction>
    <ClassCodeOwnersContrctrs>16291</ClassCodeOwnersContrctrs>
  </GL7OwnersContractorsELPTe>
  <GL7OwnersContractorsELPTe public-id="zl4i4b19t0n3faap6n3ll1krcma">
    <Value>Company</Value>
    <EffectiveDate>2020-11-01</EffectiveDate>
    <Jurisdiction>MI</Jurisdiction>
    <ClassCodeOwnersContrctrs>93040</ClassCodeOwnersContrctrs>
  </GL7OwnersContractorsELPTe>
  <GL7OwnersContractorsELPTe public-id="z5jhes8frh0rna1orgaip9ae0bb">
    <Value>Company</Value>
    <EffectiveDate>2020-11-01</EffectiveDate>
    <Jurisdiction>MI</Jurisdiction>
    <ClassCodeOwnersContrctrs>17982</ClassCodeOwnersContrctrs>
  </GL7OwnersContractorsELPTe>
  <GL7OwnersContractorsELPTe public-id="z7fhqmv8b574rfccohkk4bcsiba">
    <Value>Industry</Value>
    <EffectiveDate>2020-11-01</EffectiveDate>
    <Jurisdiction>MI</Jurisdiction>
    <ClassCodeOwnersContrctrs>91181</ClassCodeOwnersContrctrs>
  </GL7OwnersContractorsELPTe>
  <GL7OwnersContractorsELPTe public-id="z1gjmaqnvucp73oo73kt2qbss4a">
    <Value>Rate/Loss Cost Applies</Value>
    <EffectiveDate>2020-11-01</EffectiveDate>
    <Jurisdiction>MI</Jurisdiction>
    <ClassCodeOwnersContrctrs>27111</ClassCodeOwnersContrctrs>
  </GL7OwnersContractorsELPTe>
  <GL7OwnersContractorsELPTe public-id="zoojs5rdj0ekm8blom3jl5a7trb">
    <Value>Rate/Loss Cost Applies</Value>
    <EffectiveDate>2020-11-01</EffectiveDate>
    <Jurisdiction>MI</Jurisdiction>
    <ClassCodeOwnersContrctrs>27112</ClassCodeOwnersContrctrs>
  </GL7OwnersContractorsELPTe>
  <GL7OwnersContractorsELPTe public-id="zq2iqmho471tq0iqmkdb8dfhv99">
    <Value>Industry</Value>
    <EffectiveDate>2020-11-01</EffectiveDate>
    <Jurisdiction>MI</Jurisdiction>
    <ClassCodeOwnersContrctrs>93163</ClassCodeOwnersContrctrs>
  </GL7OwnersContractorsELPTe>
  <GL7OwnersContractorsELPTe public-id="zo5g2d6ko05nm8ppsujhrarnhi9">
    <Value>Industry</Value>
    <EffectiveDate>2020-11-01</EffectiveDate>
    <Jurisdiction>MI</Jurisdiction>
    <ClassCodeOwnersContrctrs>15191</ClassCodeOwnersContrctrs>
  </GL7OwnersContractorsELPTe>
  <GL7OwnersContractorsELPTe public-id="zekhok66b7ccka3547cvoei14m8">
    <Value>Rate/Loss Cost Applies</Value>
    <EffectiveDate>2020-11-01</EffectiveDate>
    <Jurisdiction>MI</Jurisdiction>
    <ClassCodeOwnersContrctrs>16292</ClassCodeOwnersContrctrs>
  </GL7OwnersContractorsELPTe>
  <GL7OwnersContractorsELPTe public-id="za7iakmnims1a31aiqscp1tcpja">
    <Value>Industry</Value>
    <EffectiveDate>2020-11-01</EffectiveDate>
    <Jurisdiction>MI</Jurisdiction>
    <ClassCodeOwnersContrctrs>15192</ClassCodeOwnersContrctrs>
  </GL7OwnersContractorsELPTe>
  <GL7OwnersContractorsELPTe public-id="z15judmnh5clacb8mslctaqvoda">
    <Value>Industry</Value>
    <EffectiveDate>2020-11-01</EffectiveDate>
    <Jurisdiction>MI</Jurisdiction>
    <ClassCodeOwnersContrctrs>93161</ClassCodeOwnersContrctrs>
  </GL7OwnersContractorsELPTe>
  <GL7OwnersContractorsELPTe public-id="zvpjc3q8a18g9cjk3pputga55i9">
    <Value>Rate/Loss Cost Applies</Value>
    <EffectiveDate>2020-03-01</EffectiveDate>
    <Jurisdiction>OH</Jurisdiction>
    <ClassCodeOwnersContrctrs>16291</ClassCodeOwnersContrctrs>
  </GL7OwnersContractorsELPTe>
  <GL7OwnersContractorsELPTe public-id="z2kiohugdhi03bum0tpgpg8pe58">
    <Value>Company</Value>
    <EffectiveDate>2020-03-01</EffectiveDate>
    <Jurisdiction>OH</Jurisdiction>
    <ClassCodeOwnersContrctrs>93040</ClassCodeOwnersContrctrs>
  </GL7OwnersContractorsELPTe>
  <GL7OwnersContractorsELPTe public-id="zjli2a25js5585qjccuh13fkq28">
    <Value>Company</Value>
    <EffectiveDate>2020-03-01</EffectiveDate>
    <Jurisdiction>OH</Jurisdiction>
    <ClassCodeOwnersContrctrs>17982</ClassCodeOwnersContrctrs>
  </GL7OwnersContractorsELPTe>
  <GL7OwnersContractorsELPTe public-id="z20imiccbj5iq0odvfie58ide09">
    <Value>Industry</Value>
    <EffectiveDate>2020-03-01</EffectiveDate>
    <Jurisdiction>OH</Jurisdiction>
    <ClassCodeOwnersContrctrs>91181</ClassCodeOwnersContrctrs>
  </GL7OwnersContractorsELPTe>
  <GL7OwnersContractorsELPTe public-id="zc3j6eobuil3q6qqn70m5gej6vb">
    <Value>Rate/Loss Cost Applies</Value>
    <EffectiveDate>2020-03-01</EffectiveDate>
    <Jurisdiction>OH</Jurisdiction>
    <ClassCodeOwnersContrctrs>27111</ClassCodeOwnersContrctrs>
  </GL7OwnersContractorsELPTe>
  <GL7OwnersContractorsELPTe public-id="z8phc3i2oavq10b8dd4krd01teb">
    <Value>Rate/Loss Cost Applies</Value>
    <EffectiveDate>2020-03-01</EffectiveDate>
    <Jurisdiction>OH</Jurisdiction>
    <ClassCodeOwnersContrctrs>27112</ClassCodeOwnersContrctrs>
  </GL7OwnersContractorsELPTe>
  <GL7OwnersContractorsELPTe public-id="z11h2hvjp1nnj89spoidtda88vb">
    <Value>Industry</Value>
    <EffectiveDate>2020-03-01</EffectiveDate>
    <Jurisdiction>OH</Jurisdiction>
    <ClassCodeOwnersContrctrs>93163</ClassCodeOwnersContrctrs>
  </GL7OwnersContractorsELPTe>
  <GL7OwnersContractorsELPTe public-id="z9qgclt7lo5sl379r0493r0qj4a">
    <Value>Industry</Value>
    <EffectiveDate>2020-03-01</EffectiveDate>
    <Jurisdiction>OH</Jurisdiction>
    <ClassCodeOwnersContrctrs>15191</ClassCodeOwnersContrctrs>
  </GL7OwnersContractorsELPTe>
  <GL7OwnersContractorsELPTe public-id="zsqice86us0ru76hmbiun1k86e9">
    <Value>Rate/Loss Cost Applies</Value>
    <EffectiveDate>2020-03-01</EffectiveDate>
    <Jurisdiction>OH</Jurisdiction>
    <ClassCodeOwnersContrctrs>16292</ClassCodeOwnersContrctrs>
  </GL7OwnersContractorsELPTe>
  <GL7OwnersContractorsELPTe public-id="z9vgociq09n2q4grm5ja3tis7jb">
    <Value>Industry</Value>
    <EffectiveDate>2020-03-01</EffectiveDate>
    <Jurisdiction>OH</Jurisdiction>
    <ClassCodeOwnersContrctrs>15192</ClassCodeOwnersContrctrs>
  </GL7OwnersContractorsELPTe>
  <GL7OwnersContractorsELPTe public-id="zvlje44pjddc4e3t2flundhk3vb">
    <Value>Industry</Value>
    <EffectiveDate>2020-03-01</EffectiveDate>
    <Jurisdiction>OH</Jurisdiction>
    <ClassCodeOwnersContrctrs>93161</ClassCodeOwnersContrctrs>
  </GL7OwnersContractorsELPTe>
</import>