<?xml version='1.0' encoding='UTF-8'?>
<import>
  <GL7OwnersContractorsELPRT public-id="zc0hocf663vjs2k9doep9dubc38">
    <Value>0</Value>
    <EffectiveDate>2019-12-01</EffectiveDate>
    <Jurisdiction>IA</Jurisdiction>
    <ClassCodeOwnersContrctrs>15191</ClassCodeOwnersContrctrs>
  </GL7OwnersContractorsELPRT>
  <GL7OwnersContractorsELPRT public-id="zgrhi3anlkmb42a8k7vp9u730c8">
    <Value>0.95</Value>
    <EffectiveDate>2019-12-01</EffectiveDate>
    <Jurisdiction>IA</Jurisdiction>
    <ClassCodeOwnersContrctrs>15192</ClassCodeOwnersContrctrs>
  </GL7OwnersContractorsELPRT>
  <GL7OwnersContractorsELPRT public-id="zl7hgbuui9jlb7efssei1h2umn8">
    <Value>0</Value>
    <EffectiveDate>2019-12-01</EffectiveDate>
    <Jurisdiction>IA</Jurisdiction>
    <ClassCodeOwnersContrctrs>16291</ClassCodeOwnersContrctrs>
  </GL7OwnersContractorsELPRT>
  <GL7OwnersContractorsELPRT public-id="z9gggpl3hrb6sc73a3g3o3lmq0b">
    <Value>0</Value>
    <EffectiveDate>2019-12-01</EffectiveDate>
    <Jurisdiction>IA</Jurisdiction>
    <ClassCodeOwnersContrctrs>16292</ClassCodeOwnersContrctrs>
  </GL7OwnersContractorsELPRT>
  <GL7OwnersContractorsELPRT public-id="zhghseci7gvf7f4khojk1o47f29">
    <Value>0</Value>
    <EffectiveDate>2019-12-01</EffectiveDate>
    <Jurisdiction>IA</Jurisdiction>
    <ClassCodeOwnersContrctrs>17982</ClassCodeOwnersContrctrs>
  </GL7OwnersContractorsELPRT>
  <GL7OwnersContractorsELPRT public-id="z4lia5hs9sdq3dga38pa827043b">
    <Value>0</Value>
    <EffectiveDate>2019-12-01</EffectiveDate>
    <Jurisdiction>IA</Jurisdiction>
    <ClassCodeOwnersContrctrs>27111</ClassCodeOwnersContrctrs>
  </GL7OwnersContractorsELPRT>
  <GL7OwnersContractorsELPRT public-id="zkvi4278djmmacv172n5coq56vb">
    <Value>0</Value>
    <EffectiveDate>2019-12-01</EffectiveDate>
    <Jurisdiction>IA</Jurisdiction>
    <ClassCodeOwnersContrctrs>27112</ClassCodeOwnersContrctrs>
  </GL7OwnersContractorsELPRT>
  <GL7OwnersContractorsELPRT public-id="zpti6padhbear98d8fgou7ia9f8">
    <Value>0.54</Value>
    <EffectiveDate>2019-12-01</EffectiveDate>
    <Jurisdiction>IA</Jurisdiction>
    <ClassCodeOwnersContrctrs>91181</ClassCodeOwnersContrctrs>
  </GL7OwnersContractorsELPRT>
  <GL7OwnersContractorsELPRT public-id="zobgslcsf1n6aae3q3eqvap32qa">
    <Value>0.68</Value>
    <EffectiveDate>2019-12-01</EffectiveDate>
    <Jurisdiction>IA</Jurisdiction>
    <ClassCodeOwnersContrctrs>93161</ClassCodeOwnersContrctrs>
  </GL7OwnersContractorsELPRT>
  <GL7OwnersContractorsELPRT public-id="zn0jg1t8nf1vq21kq2om53qtm1a">
    <Value>0.48</Value>
    <EffectiveDate>2019-12-01</EffectiveDate>
    <Jurisdiction>IA</Jurisdiction>
    <ClassCodeOwnersContrctrs>93163</ClassCodeOwnersContrctrs>
  </GL7OwnersContractorsELPRT>
  <GL7OwnersContractorsELPRT public-id="zubigq9dpuj97aboae255jur7qa">
    <Value>0</Value>
    <EffectiveDate>2019-12-01</EffectiveDate>
    <Jurisdiction>IA</Jurisdiction>
    <ClassCodeOwnersContrctrs>93040</ClassCodeOwnersContrctrs>
  </GL7OwnersContractorsELPRT>
  <GL7OwnersContractorsELPRT public-id="zcfje2r2la6817inuegmf05f1ka">
    <Value>0</Value>
    <EffectiveDate>2020-09-01</EffectiveDate>
    <Jurisdiction>IL</Jurisdiction>
    <ClassCodeOwnersContrctrs>16292</ClassCodeOwnersContrctrs>
  </GL7OwnersContractorsELPRT>
  <GL7OwnersContractorsELPRT public-id="zlqi4ehikck8k7q09f2fc71ls1b">
    <Value>0</Value>
    <EffectiveDate>2020-09-01</EffectiveDate>
    <Jurisdiction>IL</Jurisdiction>
    <ClassCodeOwnersContrctrs>17982</ClassCodeOwnersContrctrs>
  </GL7OwnersContractorsELPRT>
  <GL7OwnersContractorsELPRT public-id="zaciihg0i25qk54qf6kr55odija">
    <Value>0</Value>
    <EffectiveDate>2020-09-01</EffectiveDate>
    <Jurisdiction>IL</Jurisdiction>
    <ClassCodeOwnersContrctrs>93040</ClassCodeOwnersContrctrs>
  </GL7OwnersContractorsELPRT>
  <GL7OwnersContractorsELPRT public-id="z4vhu9pb891us12t9rna9u7c1lb">
    <Value>0</Value>
    <EffectiveDate>2020-09-01</EffectiveDate>
    <Jurisdiction>IL</Jurisdiction>
    <ClassCodeOwnersContrctrs>15191</ClassCodeOwnersContrctrs>
  </GL7OwnersContractorsELPRT>
  <GL7OwnersContractorsELPRT public-id="z3gi2mh4topbo2gbe8j3ao1fin9">
    <Value>0.95</Value>
    <EffectiveDate>2020-09-01</EffectiveDate>
    <Jurisdiction>IL</Jurisdiction>
    <ClassCodeOwnersContrctrs>15192</ClassCodeOwnersContrctrs>
  </GL7OwnersContractorsELPRT>
  <GL7OwnersContractorsELPRT public-id="za1jg6jqkiv719dulet07jlle8b">
    <Value>0</Value>
    <EffectiveDate>2020-09-01</EffectiveDate>
    <Jurisdiction>IL</Jurisdiction>
    <ClassCodeOwnersContrctrs>16291</ClassCodeOwnersContrctrs>
  </GL7OwnersContractorsELPRT>
  <GL7OwnersContractorsELPRT public-id="zmng410fumhendkkh68q67rlcib">
    <Value>0</Value>
    <EffectiveDate>2020-09-01</EffectiveDate>
    <Jurisdiction>IL</Jurisdiction>
    <ClassCodeOwnersContrctrs>27112</ClassCodeOwnersContrctrs>
  </GL7OwnersContractorsELPRT>
  <GL7OwnersContractorsELPRT public-id="z3sgirt1hrrs71ul3vj7fcas14b">
    <Value>0.48</Value>
    <EffectiveDate>2020-09-01</EffectiveDate>
    <Jurisdiction>IL</Jurisdiction>
    <ClassCodeOwnersContrctrs>93163</ClassCodeOwnersContrctrs>
  </GL7OwnersContractorsELPRT>
  <GL7OwnersContractorsELPRT public-id="zpbi8lrmm5cufa4mrh93dcf6738">
    <Value>0</Value>
    <EffectiveDate>2020-09-01</EffectiveDate>
    <Jurisdiction>IL</Jurisdiction>
    <ClassCodeOwnersContrctrs>27111</ClassCodeOwnersContrctrs>
  </GL7OwnersContractorsELPRT>
  <GL7OwnersContractorsELPRT public-id="ztoj0tduegrlu1s1km41qv8dqs8">
    <Value>0.54</Value>
    <EffectiveDate>2020-09-01</EffectiveDate>
    <Jurisdiction>IL</Jurisdiction>
    <ClassCodeOwnersContrctrs>91181</ClassCodeOwnersContrctrs>
  </GL7OwnersContractorsELPRT>
  <GL7OwnersContractorsELPRT public-id="za6hk250t4jpq2vbainib0log8a">
    <Value>0.68</Value>
    <EffectiveDate>2020-09-01</EffectiveDate>
    <Jurisdiction>IL</Jurisdiction>
    <ClassCodeOwnersContrctrs>93161</ClassCodeOwnersContrctrs>
  </GL7OwnersContractorsELPRT>
</import>