<?xml version='1.0' encoding='UTF-8'?>
<import>
  <GL7RailroadELPRT public-id="z52gu962d7qci7si3rv18sqr4u8">
    <Value>Industry</Value>
    <EffectiveDate>2019-12-01</EffectiveDate>
    <Jurisdiction>IA</Jurisdiction>
    <ClassCodeRailroad>40011</ClassCodeRailroad>
  </GL7RailroadELPRT>
  <GL7RailroadELPRT public-id="zuej01ijlfa59bv2n2cv8or5hoa">
    <Value>Industry</Value>
    <EffectiveDate>2019-12-01</EffectiveDate>
    <Jurisdiction>IA</Jurisdiction>
    <ClassCodeRailroad>40012</ClassCodeRailroad>
  </GL7RailroadELPRT>
  <GL7RailroadELPRT public-id="znfh070scor101okaru9ruke7i8">
    <Value>Industry</Value>
    <EffectiveDate>2019-12-01</EffectiveDate>
    <Jurisdiction>IA</Jurisdiction>
    <ClassCodeRailroad>40013</ClassCodeRailroad>
  </GL7RailroadELPRT>
  <GL7RailroadELPRT public-id="zfgg2dstl6a8t80nr1fq3ivjl0a">
    <Value>Industry</Value>
    <EffectiveDate>2019-12-01</EffectiveDate>
    <Jurisdiction>IA</Jurisdiction>
    <ClassCodeRailroad>40014</ClassCodeRailroad>
  </GL7RailroadELPRT>
  <GL7RailroadELPRT public-id="zj1iu72hn0uvn2hlf8292jjanub">
    <Value>Industry</Value>
    <EffectiveDate>2020-09-01</EffectiveDate>
    <Jurisdiction>IL</Jurisdiction>
    <ClassCodeRailroad>40014</ClassCodeRailroad>
  </GL7RailroadELPRT>
  <GL7RailroadELPRT public-id="z8bg4dqsnvpbi0bgi0qm41v48o9">
    <Value>Industry</Value>
    <EffectiveDate>2020-09-01</EffectiveDate>
    <Jurisdiction>IL</Jurisdiction>
    <ClassCodeRailroad>40013</ClassCodeRailroad>
  </GL7RailroadELPRT>
  <GL7RailroadELPRT public-id="zmfi8290bls6d5c1f1tf8ea15d8">
    <Value>Industry</Value>
    <EffectiveDate>2020-09-01</EffectiveDate>
    <Jurisdiction>IL</Jurisdiction>
    <ClassCodeRailroad>40012</ClassCodeRailroad>
  </GL7RailroadELPRT>
  <GL7RailroadELPRT public-id="zhug0glrn1tt8fjfigubvpdcvd8">
    <Value>Industry</Value>
    <EffectiveDate>2020-09-01</EffectiveDate>
    <Jurisdiction>IL</Jurisdiction>
    <ClassCodeRailroad>40011</ClassCodeRailroad>
  </GL7RailroadELPRT>
</import>