<?xml version='1.0' encoding='UTF-8'?>
<import>
  <GL7OwnersContractorsELPTe public-id="zrhjohtgf5r8fbr2u43e744cip8">
    <Value>Industry</Value>
    <EffectiveDate>2019-12-01</EffectiveDate>
    <Jurisdiction>IA</Jurisdiction>
    <ClassCodeOwnersContrctrs>15192</ClassCodeOwnersContrctrs>
  </GL7OwnersContractorsELPTe>
  <GL7OwnersContractorsELPTe public-id="z9phses5gvgvcd8ebqe4uh6r8f8">
    <Value>Industry</Value>
    <EffectiveDate>2019-12-01</EffectiveDate>
    <Jurisdiction>IA</Jurisdiction>
    <ClassCodeOwnersContrctrs>15191</ClassCodeOwnersContrctrs>
  </GL7OwnersContractorsELPTe>
  <GL7OwnersContractorsELPTe public-id="z7ajmroed0m6hce0ojnmjk6lpt8">
    <Value>Rate/Loss Cost Applies</Value>
    <EffectiveDate>2019-12-01</EffectiveDate>
    <Jurisdiction>IA</Jurisdiction>
    <ClassCodeOwnersContrctrs>16291</ClassCodeOwnersContrctrs>
  </GL7OwnersContractorsELPTe>
  <GL7OwnersContractorsELPTe public-id="zltiululvqvt34rnusp78p1uat8">
    <Value>Rate/Loss Cost Applies</Value>
    <EffectiveDate>2019-12-01</EffectiveDate>
    <Jurisdiction>IA</Jurisdiction>
    <ClassCodeOwnersContrctrs>16292</ClassCodeOwnersContrctrs>
  </GL7OwnersContractorsELPTe>
  <GL7OwnersContractorsELPTe public-id="zrlje5vtv61jadpa7lrmjkmraba">
    <Value>Company</Value>
    <EffectiveDate>2019-12-01</EffectiveDate>
    <Jurisdiction>IA</Jurisdiction>
    <ClassCodeOwnersContrctrs>17982</ClassCodeOwnersContrctrs>
  </GL7OwnersContractorsELPTe>
  <GL7OwnersContractorsELPTe public-id="znghs6rdqgd744b741b90jd6ot9">
    <Value>Rate/Loss Cost Applies</Value>
    <EffectiveDate>2019-12-01</EffectiveDate>
    <Jurisdiction>IA</Jurisdiction>
    <ClassCodeOwnersContrctrs>27111</ClassCodeOwnersContrctrs>
  </GL7OwnersContractorsELPTe>
  <GL7OwnersContractorsELPTe public-id="zqajsg64rajc6d03lhipoesikrb">
    <Value>Rate/Loss Cost Applies</Value>
    <EffectiveDate>2019-12-01</EffectiveDate>
    <Jurisdiction>IA</Jurisdiction>
    <ClassCodeOwnersContrctrs>27112</ClassCodeOwnersContrctrs>
  </GL7OwnersContractorsELPTe>
  <GL7OwnersContractorsELPTe public-id="z2uiarqpdp3fpd3shg93ih5qrs8">
    <Value>Industry</Value>
    <EffectiveDate>2019-12-01</EffectiveDate>
    <Jurisdiction>IA</Jurisdiction>
    <ClassCodeOwnersContrctrs>91181</ClassCodeOwnersContrctrs>
  </GL7OwnersContractorsELPTe>
  <GL7OwnersContractorsELPTe public-id="zdigiful2dnbkbvevf6mb9dcmma">
    <Value>Company</Value>
    <EffectiveDate>2019-12-01</EffectiveDate>
    <Jurisdiction>IA</Jurisdiction>
    <ClassCodeOwnersContrctrs>93040</ClassCodeOwnersContrctrs>
  </GL7OwnersContractorsELPTe>
  <GL7OwnersContractorsELPTe public-id="znkicnrho6nmf94etihphr023i8">
    <Value>Industry</Value>
    <EffectiveDate>2019-12-01</EffectiveDate>
    <Jurisdiction>IA</Jurisdiction>
    <ClassCodeOwnersContrctrs>93161</ClassCodeOwnersContrctrs>
  </GL7OwnersContractorsELPTe>
  <GL7OwnersContractorsELPTe public-id="z8ljefjpbcpueedqp0meuasqdv9">
    <Value>Industry</Value>
    <EffectiveDate>2019-12-01</EffectiveDate>
    <Jurisdiction>IA</Jurisdiction>
    <ClassCodeOwnersContrctrs>93163</ClassCodeOwnersContrctrs>
  </GL7OwnersContractorsELPTe>
  <GL7OwnersContractorsELPTe public-id="z82hin8lgo235cho954ur2vhfv9">
    <Value>Rate/Loss Cost Applies</Value>
    <EffectiveDate>2020-09-01</EffectiveDate>
    <Jurisdiction>IL</Jurisdiction>
    <ClassCodeOwnersContrctrs>16291</ClassCodeOwnersContrctrs>
  </GL7OwnersContractorsELPTe>
  <GL7OwnersContractorsELPTe public-id="z7lisnck4nlq72va4grk6426018">
    <Value>Company</Value>
    <EffectiveDate>2020-09-01</EffectiveDate>
    <Jurisdiction>IL</Jurisdiction>
    <ClassCodeOwnersContrctrs>93040</ClassCodeOwnersContrctrs>
  </GL7OwnersContractorsELPTe>
  <GL7OwnersContractorsELPTe public-id="zgfgmu2t0fl0d28g9tvapudugka">
    <Value>Company</Value>
    <EffectiveDate>2020-09-01</EffectiveDate>
    <Jurisdiction>IL</Jurisdiction>
    <ClassCodeOwnersContrctrs>17982</ClassCodeOwnersContrctrs>
  </GL7OwnersContractorsELPTe>
  <GL7OwnersContractorsELPTe public-id="zjnioq6eknsnk6oms69r0u38f68">
    <Value>Industry</Value>
    <EffectiveDate>2020-09-01</EffectiveDate>
    <Jurisdiction>IL</Jurisdiction>
    <ClassCodeOwnersContrctrs>91181</ClassCodeOwnersContrctrs>
  </GL7OwnersContractorsELPTe>
  <GL7OwnersContractorsELPTe public-id="z0vggni1tjh013cf7ren9mhlmg8">
    <Value>Rate/Loss Cost Applies</Value>
    <EffectiveDate>2020-09-01</EffectiveDate>
    <Jurisdiction>IL</Jurisdiction>
    <ClassCodeOwnersContrctrs>27111</ClassCodeOwnersContrctrs>
  </GL7OwnersContractorsELPTe>
  <GL7OwnersContractorsELPTe public-id="z8bh2mpitdp0odnp5j2d8qj1e38">
    <Value>Rate/Loss Cost Applies</Value>
    <EffectiveDate>2020-09-01</EffectiveDate>
    <Jurisdiction>IL</Jurisdiction>
    <ClassCodeOwnersContrctrs>27112</ClassCodeOwnersContrctrs>
  </GL7OwnersContractorsELPTe>
  <GL7OwnersContractorsELPTe public-id="zuhjk4voebam06h8alko81srina">
    <Value>Industry</Value>
    <EffectiveDate>2020-09-01</EffectiveDate>
    <Jurisdiction>IL</Jurisdiction>
    <ClassCodeOwnersContrctrs>93163</ClassCodeOwnersContrctrs>
  </GL7OwnersContractorsELPTe>
  <GL7OwnersContractorsELPTe public-id="zj2iubiji4mnmau0un9j6vmr5cb">
    <Value>Industry</Value>
    <EffectiveDate>2020-09-01</EffectiveDate>
    <Jurisdiction>IL</Jurisdiction>
    <ClassCodeOwnersContrctrs>15191</ClassCodeOwnersContrctrs>
  </GL7OwnersContractorsELPTe>
  <GL7OwnersContractorsELPTe public-id="zfuiofd7t2p04823c0odbi94fs9">
    <Value>Rate/Loss Cost Applies</Value>
    <EffectiveDate>2020-09-01</EffectiveDate>
    <Jurisdiction>IL</Jurisdiction>
    <ClassCodeOwnersContrctrs>16292</ClassCodeOwnersContrctrs>
  </GL7OwnersContractorsELPTe>
  <GL7OwnersContractorsELPTe public-id="zvdh2rle5lumd5so225o5196tub">
    <Value>Industry</Value>
    <EffectiveDate>2020-09-01</EffectiveDate>
    <Jurisdiction>IL</Jurisdiction>
    <ClassCodeOwnersContrctrs>15192</ClassCodeOwnersContrctrs>
  </GL7OwnersContractorsELPTe>
  <GL7OwnersContractorsELPTe public-id="zecgaudtm9suo8tm7jf037k0bc8">
    <Value>Industry</Value>
    <EffectiveDate>2020-09-01</EffectiveDate>
    <Jurisdiction>IL</Jurisdiction>
    <ClassCodeOwnersContrctrs>93161</ClassCodeOwnersContrctrs>
  </GL7OwnersContractorsELPTe>
</import>