<?xml version="1.0" encoding="UTF-8" standalone="yes"?>
<LobFieldMeta>
  <Entity name="GL7Subline">
    <Column name="DamageToPremisesRentedToYouExclGovernmentalSubdivision">
      <Version>
        <Label>entity.GL7Subline.DamageToPremisesRentedToYouExclGovernmentalSubdivision</Label>
        <WidgetType>Text</WidgetType>
        <EffectiveDate>2019-12-01</EffectiveDate>
        <Editable>true</Editable>
        <Available>true</Available>
        <Visible>false</Visible>
        <Required>false</Required>
        <DefaultValue>No</DefaultValue>
      </Version>
    </Column>
    <Column name="DoesThisRiskOperateScaffolds">
      <Version>
        <Jurisdiction>IL</Jurisdiction>
        <Label>Web.Policy.GL7.GL7Subline.DoesThisRiskOperateScaffolds.IL</Label>
        <WidgetType>Range</WidgetType>
        <EffectiveDate>2020-09-01</EffectiveDate>
        <Priority>3225</Priority>
        <Editable>true</Editable>
        <Available>true</Available>
        <Visible>true</Visible>
        <Required>true</Required>
        <DefaultValue>No</DefaultValue>
      </Version>
    </Column>
    <Column name="EnergyEfficiencyInstaller">
      <Version>
        <Jurisdiction>IL</Jurisdiction>
        <Label>Web.Policy.GL7.GL7Subline.EnergyEfficiencyInstaller.IL</Label>
        <WidgetType>Range</WidgetType>
        <EffectiveDate>2020-09-01</EffectiveDate>
        <Priority>3240</Priority>
        <Editable>true</Editable>
        <Available>true</Available>
        <Visible>true</Visible>
        <Required>true</Required>
        <DefaultValue>No</DefaultValue>
      </Version>
    </Column>
    <Column name="ByLawsCreatedOrAmendedOnOrAfterDate">
      <Version>
        <Jurisdiction>IL</Jurisdiction>
        <Label>Web.Policy.GL7.GL7Subline.ByLawsCreatedOrAmendedOnOrAfterDate.IL</Label>
        <WidgetType>Range</WidgetType>
        <EffectiveDate>2020-09-01</EffectiveDate>
        <Priority>3165</Priority>
        <Editable>true</Editable>
        <Available>true</Available>
        <Visible>true</Visible>
        <Required>true</Required>
        <DefaultValue>Yes</DefaultValue>
      </Version>
    </Column>
    <Column name="DoesThisRiskOperateScaffoldBuildingsInChicagoThatRequirePermit">
      <Version>
        <Jurisdiction>IL</Jurisdiction>
        <Label>Web.Policy.GL7.GL7Subline.DoesThisRiskOperateScaffoldBuildingsInChicagoThatRequirePermit.IL</Label>
        <WidgetType>Range</WidgetType>
        <EffectiveDate>2020-09-01</EffectiveDate>
        <Priority>3227</Priority>
        <Editable>true</Editable>
        <Available>true</Available>
        <Visible>true</Visible>
        <Required>true</Required>
        <DefaultValue>No</DefaultValue>
      </Version>
    </Column>
    <Column name="DoesThisRiskPerformHomeRepairAndRemodeling">
      <Version>
        <Jurisdiction>IL</Jurisdiction>
        <Label>Web.Policy.GL7.GL7Subline.DoesThisRiskPerformHomeRepairAndRemodeling.IL</Label>
        <WidgetType>Range</WidgetType>
        <EffectiveDate>2020-09-01</EffectiveDate>
        <Priority>3220</Priority>
        <Editable>true</Editable>
        <Available>true</Available>
        <Visible>true</Visible>
        <Required>true</Required>
        <DefaultValue>No</DefaultValue>
      </Version>
    </Column>
    <Column name="CondominiumAssociation">
      <Version>
        <Jurisdiction>IL</Jurisdiction>
        <Label>Web.Policy.GL7.GL7Subline.CondominiumAssociation.IL</Label>
        <WidgetType>Range</WidgetType>
        <EffectiveDate>2020-09-01</EffectiveDate>
        <Priority>3160</Priority>
        <Editable>true</Editable>
        <Available>true</Available>
        <Visible>true</Visible>
        <Required>true</Required>
        <DefaultValue>No</DefaultValue>
      </Version>
    </Column>
  </Entity>
  <Entity name="GL7GeneralLiabilityLine"/>
  <Entity name="GL7Exposure">
    <Column name="ClassCode">
      <Version>
        <Label>entity.GL7Exposure.ClassCode</Label>
        <WidgetType>Range</WidgetType>
        <EffectiveDate>2019-12-01</EffectiveDate>
        <Priority>750</Priority>
        <Editable>true</Editable>
        <Available>true</Available>
        <Visible>true</Visible>
        <Required>true</Required>
      </Version>
    </Column>
    <Column name="ClassDescription">
      <Version>
        <Label>entity.GL7Exposure.ClassDescription</Label>
        <WidgetType>Range</WidgetType>
        <EffectiveDate>2019-12-01</EffectiveDate>
        <Priority>800</Priority>
        <Editable>true</Editable>
        <Available>true</Available>
        <Visible>true</Visible>
        <Required>true</Required>
      </Version>
    </Column>
    <Column name="ClassificationType">
      <Version>
        <Label>entity.GL7Exposure.ClassificationType</Label>
        <WidgetType>Range</WidgetType>
        <EffectiveDate>2019-12-01</EffectiveDate>
        <Priority>1950</Priority>
        <Editable>false</Editable>
        <Available>true</Available>
        <Visible>true</Visible>
        <Required>true</Required>
      </Version>
    </Column>
    <Column name="Contractor">
      <Version>
        <Jurisdiction>IA</Jurisdiction>
        <Label>Web.Policy.GL7.GL7Exposure.Contractor.IA</Label>
        <WidgetType>Range</WidgetType>
        <EffectiveDate>2019-12-01</EffectiveDate>
        <Priority>1430</Priority>
        <Editable>true</Editable>
        <Available>true</Available>
        <Visible>true</Visible>
        <Required>true</Required>
        <DefaultValue>No</DefaultValue>
      </Version>
    </Column>
    <Column name="EDLClassCode">
      <Version>
        <Label>entity.GL7Exposure.EDLClassCode</Label>
        <WidgetType>Range</WidgetType>
        <EffectiveDate>2019-12-01</EffectiveDate>
        <Priority>1900</Priority>
        <Editable>true</Editable>
        <Available>true</Available>
        <Visible>true</Visible>
        <Required>true</Required>
      </Version>
    </Column>
    <Column name="EDLClassDescription">
      <Version>
        <Label>entity.GL7Exposure.EDLClassDescription</Label>
        <WidgetType>Range</WidgetType>
        <EffectiveDate>2019-12-01</EffectiveDate>
        <Priority>1925</Priority>
        <Editable>true</Editable>
        <Available>true</Available>
        <Visible>true</Visible>
        <Required>true</Required>
      </Version>
    </Column>
    <Column name="EDLExposure">
      <Version>
        <Label>entity.GL7Exposure.EDLExposure</Label>
        <WidgetType>Text</WidgetType>
        <EffectiveDate>2019-12-01</EffectiveDate>
        <Priority>8050</Priority>
        <Editable>true</Editable>
        <Available>true</Available>
        <Visible>true</Visible>
        <Required>true</Required>
        <Max>9999999999</Max>
        <Min>0</Min>
      </Version>
    </Column>
    <Column name="EDLPremiumRatingBase">
      <Version>
        <Label>entity.GL7Exposure.EDLPremiumRatingBase</Label>
        <WidgetType>Range</WidgetType>
        <EffectiveDate>2019-12-01</EffectiveDate>
        <Priority>7450</Priority>
        <Editable>true</Editable>
        <Available>true</Available>
        <Visible>true</Visible>
        <Required>true</Required>
      </Version>
    </Column>
    <Column name="EstdContractCostWORRHzd">
      <Version>
        <Label>entity.GL7Exposure.EstdContractCostWORRHzd</Label>
        <WidgetType>Decimal</WidgetType>
        <EffectiveDate>2019-12-01</EffectiveDate>
        <Priority>3620</Priority>
        <Editable>true</Editable>
        <Available>true</Available>
        <Visible>true</Visible>
        <Required>true</Required>
        <DefaultValue>0</DefaultValue>
      </Version>
    </Column>
    <Column name="EstimatedContractCostRatio">
      <Version>
        <Label>entity.GL7Exposure.EstimatedContractCostRatio</Label>
        <WidgetType>Decimal</WidgetType>
        <EffectiveDate>2019-12-01</EffectiveDate>
        <Priority>3660</Priority>
        <Editable>true</Editable>
        <Available>true</Available>
        <Visible>true</Visible>
        <Required>true</Required>
        <Max>1.000</Max>
        <Min>0.001</Min>
      </Version>
    </Column>
    <Column name="ProdsCompldOpsLossCost">
      <Version>
        <Label>entity.GL7Exposure.ProdsCompldOpsLossCost</Label>
        <WidgetType>Decimal</WidgetType>
        <EffectiveDate>2019-12-01</EffectiveDate>
        <Priority>200026</Priority>
        <Editable>false</Editable>
        <Available>true</Available>
        <Visible>false</Visible>
        <Required>false</Required>
      </Version>
    </Column>
    <Column name="IfAnyBasis">
      <Version>
        <Label>entity.GL7Exposure.IfAnyBasis</Label>
        <WidgetType>Range</WidgetType>
        <EffectiveDate>2019-12-01</EffectiveDate>
        <Priority>7550</Priority>
        <Editable>true</Editable>
        <Available>true</Available>
        <Visible>true</Visible>
        <Required>true</Required>
        <DefaultValue>No</DefaultValue>
      </Version>
    </Column>
    <Column name="IfAnyBasisProdsCompldOps">
      <Version>
        <Label>entity.GL7Exposure.IfAnyBasisProdsCompldOps</Label>
        <WidgetType>Range</WidgetType>
        <EffectiveDate>2019-12-01</EffectiveDate>
        <Priority>10120</Priority>
        <Editable>true</Editable>
        <Available>true</Available>
        <Visible>true</Visible>
        <Required>true</Required>
        <DefaultValue>No</DefaultValue>
      </Version>
    </Column>
    <Column name="InjurySuprvsrInspctrsOtherEmpsCov">
      <Version>
        <Label>entity.GL7Exposure.InjurySuprvsrInspctrsOtherEmpsCov</Label>
        <WidgetType>Range</WidgetType>
        <EffectiveDate>2019-12-01</EffectiveDate>
        <Priority>3640</Priority>
        <Editable>true</Editable>
        <Available>true</Available>
        <Visible>true</Visible>
        <Required>true</Required>
        <DefaultValue>Not Included</DefaultValue>
      </Version>
    </Column>
    <Column name="LimitedCovForPersonalAndAdvertisingInjury">
      <Version>
        <Label>entity.GL7Exposure.LimitedCovForPersonalAndAdvertisingInjury</Label>
        <WidgetType>Range</WidgetType>
        <EffectiveDate>2019-12-01</EffectiveDate>
        <Priority>10380</Priority>
        <Editable>true</Editable>
        <Available>true</Available>
        <Visible>true</Visible>
        <Required>true</Required>
        <DefaultValue>No</DefaultValue>
      </Version>
    </Column>
    <Column name="LiquorClassCode">
      <Version>
        <Label>entity.GL7Exposure.LiquorClassCode</Label>
        <WidgetType>Range</WidgetType>
        <EffectiveDate>2019-12-01</EffectiveDate>
        <Priority>1400</Priority>
        <Editable>true</Editable>
        <Available>true</Available>
        <Visible>true</Visible>
        <Required>true</Required>
      </Version>
    </Column>
    <Column name="LiquorClassDescription">
      <Version>
        <Label>entity.GL7Exposure.LiquorClassDescription</Label>
        <WidgetType>Range</WidgetType>
        <EffectiveDate>2019-12-01</EffectiveDate>
        <Priority>1425</Priority>
        <Editable>true</Editable>
        <Available>true</Available>
        <Visible>true</Visible>
        <Required>true</Required>
      </Version>
    </Column>
    <Column name="LiquorDedFactorOverride">
      <Version>
        <Label>entity.GL7Exposure.LiquorDedFactorOverride</Label>
        <WidgetType>Money</WidgetType>
        <EffectiveDate>2019-12-01</EffectiveDate>
        <Priority>6200</Priority>
        <Editable>true</Editable>
        <Available>true</Available>
        <Visible>true</Visible>
        <Required>true</Required>
        <DefaultValue>0</DefaultValue>
        <Max>9999.999</Max>
        <Min>0</Min>
      </Version>
    </Column>
    <Column name="LiquorDeductible">
      <Version>
        <Label>entity.GL7Exposure.LiquorDeductible</Label>
        <WidgetType>Range</WidgetType>
        <EffectiveDate>2019-12-01</EffectiveDate>
        <Priority>6000</Priority>
        <Editable>true</Editable>
        <Available>true</Available>
        <Visible>true</Visible>
        <Required>true</Required>
        <DefaultPath>/GL7GeneralLiabilityLine/GL7SublineType/GL7Location/LiquorDeductible</DefaultPath>
      </Version>
    </Column>
    <Column name="LiquorELPOverride">
      <Version>
        <Label>entity.GL7Exposure.LiquorELPOverride</Label>
        <WidgetType>Decimal</WidgetType>
        <EffectiveDate>2019-12-01</EffectiveDate>
        <Priority>4900</Priority>
        <Editable>true</Editable>
        <Available>true</Available>
        <Visible>true</Visible>
        <Required>true</Required>
        <DefaultValue>0</DefaultValue>
        <Max>9999.999</Max>
        <Min>0</Min>
      </Version>
    </Column>
    <Column name="LiquorExposure">
      <Version>
        <Label>entity.GL7Exposure.LiquorExposure</Label>
        <WidgetType>Text</WidgetType>
        <EffectiveDate>2019-12-01</EffectiveDate>
        <Priority>7700</Priority>
        <Editable>true</Editable>
        <Available>true</Available>
        <Visible>true</Visible>
        <Required>true</Required>
        <DefaultValue>0</DefaultValue>
        <Max>9999999999</Max>
        <Min>0</Min>
      </Version>
    </Column>
    <Column name="LiquorExposureOnPremises">
      <Version>
        <Jurisdiction>IA</Jurisdiction>
        <Label>Web.Policy.GL7.GL7Exposure.LiquorExposureOnPremises.IA</Label>
        <WidgetType>Range</WidgetType>
        <EffectiveDate>2019-12-01</EffectiveDate>
        <Priority>3450</Priority>
        <Editable>true</Editable>
        <Available>true</Available>
        <Visible>true</Visible>
        <Required>true</Required>
        <DefaultValue>Yes</DefaultValue>
      </Version>
    </Column>
    <Column name="LiquorPremiumBasis">
      <Version>
        <Label>entity.GL7Exposure.LiquorPremiumBasis</Label>
        <WidgetType>Range</WidgetType>
        <EffectiveDate>2019-12-01</EffectiveDate>
        <Priority>7100</Priority>
        <Editable>true</Editable>
        <Available>true</Available>
        <Visible>true</Visible>
        <Required>true</Required>
      </Version>
    </Column>
    <Column name="LmtdProdsWithdrawalDeductibleFactorOverride">
      <Version>
        <Label>entity.GL7Exposure.LmtdProdsWithdrawalDeductibleFactorOverride</Label>
        <WidgetType>Money</WidgetType>
        <EffectiveDate>2019-12-01</EffectiveDate>
        <Priority>10436</Priority>
        <Editable>true</Editable>
        <Available>true</Available>
        <Visible>true</Visible>
        <Required>true</Required>
        <DefaultValue>0</DefaultValue>
        <Max>9999.999</Max>
        <Min>0</Min>
      </Version>
    </Column>
    <Column name="MedPayCovForStud">
      <Version>
        <Label>entity.GL7Exposure.MedPayCovForStud</Label>
        <WidgetType>Range</WidgetType>
        <EffectiveDate>2019-12-01</EffectiveDate>
        <Priority>10350</Priority>
        <Editable>true</Editable>
        <Available>true</Available>
        <Visible>true</Visible>
        <Required>true</Required>
        <DefaultValue>No</DefaultValue>
      </Version>
    </Column>
    <Column name="MiscIfAnyBasis">
      <Version>
        <Label>entity.GL7Exposure.MiscIfAnyBasis</Label>
        <WidgetType>Range</WidgetType>
        <EffectiveDate>2019-12-01</EffectiveDate>
        <Priority>7575</Priority>
        <Editable>true</Editable>
        <Available>true</Available>
        <Visible>true</Visible>
        <Required>true</Required>
        <DefaultValue>No</DefaultValue>
      </Version>
    </Column>
    <Column name="MunicipalityOperatesAFireDepartment">
      <Version>
        <Label>entity.GL7Exposure.MunicipalityOperatesAFireDepartment</Label>
        <WidgetType>Range</WidgetType>
        <EffectiveDate>2019-12-01</EffectiveDate>
        <Priority>10370</Priority>
        <Editable>true</Editable>
        <Available>true</Available>
        <Visible>true</Visible>
        <Required>true</Required>
        <DefaultValue>Yes</DefaultValue>
      </Version>
    </Column>
    <Column name="NumPassgrFreightTrains">
      <Version>
        <Label>entity.GL7Exposure.NumPassgrFreightTrains</Label>
        <WidgetType>Range</WidgetType>
        <EffectiveDate>2019-12-01</EffectiveDate>
        <Priority>3400</Priority>
        <Editable>true</Editable>
        <Available>true</Available>
        <Visible>true</Visible>
        <Required>true</Required>
      </Version>
    </Column>
    <Column name="OtherThanProdsCompldOpsCov">
      <Version>
        <Label>entity.GL7Exposure.OtherThanProdsCompldOpsCov</Label>
        <WidgetType>Range</WidgetType>
        <EffectiveDate>2019-12-01</EffectiveDate>
        <Priority>2700</Priority>
        <Editable>true</Editable>
        <Available>true</Available>
        <Visible>true</Visible>
        <Required>true</Required>
      </Version>
    </Column>
    <Column name="OwnersContractorsClassCode">
      <Version>
        <Label>entity.GL7Exposure.OwnersContractorsClassCode</Label>
        <WidgetType>Range</WidgetType>
        <EffectiveDate>2019-12-01</EffectiveDate>
        <Priority>1500</Priority>
        <Editable>true</Editable>
        <Available>true</Available>
        <Visible>true</Visible>
        <Required>true</Required>
      </Version>
    </Column>
    <Column name="OwnersContractorsClassDescription">
      <Version>
        <Label>entity.GL7Exposure.OwnersContractorsClassDescription</Label>
        <WidgetType>Range</WidgetType>
        <EffectiveDate>2019-12-01</EffectiveDate>
        <Priority>1515</Priority>
        <Editable>true</Editable>
        <Available>true</Available>
        <Visible>true</Visible>
        <Required>true</Required>
      </Version>
    </Column>
    <Column name="OwnersContractorsELPOverOneMillionOverride">
      <Version>
        <Label>entity.GL7Exposure.OwnersContractorsELPOverOneMillionOverride</Label>
        <WidgetType>Decimal</WidgetType>
        <EffectiveDate>2019-12-01</EffectiveDate>
        <Priority>5110</Priority>
        <Editable>true</Editable>
        <Available>true</Available>
        <Visible>true</Visible>
        <Required>true</Required>
        <Max>9999.999</Max>
        <Min>0</Min>
      </Version>
    </Column>
    <Column name="OwnersContractorsELPOverride">
      <Version>
        <Label>entity.GL7Exposure.OwnersContractorsELPOverride</Label>
        <WidgetType>Decimal</WidgetType>
        <EffectiveDate>2019-12-01</EffectiveDate>
        <Priority>5000</Priority>
        <Editable>true</Editable>
        <Available>true</Available>
        <Visible>true</Visible>
        <Required>true</Required>
        <DefaultValue>0</DefaultValue>
        <Max>9999.999</Max>
        <Min>0</Min>
      </Version>
    </Column>
    <Column name="OwnersContractorsExposure">
      <Version>
        <Label>entity.GL7Exposure.OwnersContractorsExposure</Label>
        <WidgetType>Text</WidgetType>
        <EffectiveDate>2019-12-01</EffectiveDate>
        <Priority>7800</Priority>
        <Editable>true</Editable>
        <Available>true</Available>
        <Visible>true</Visible>
        <Required>true</Required>
        <DefaultValue>0</DefaultValue>
        <Max>9999999999</Max>
        <Min>0</Min>
      </Version>
    </Column>
    <Column name="OwnersContractorsPremiumBasis">
      <Version>
        <Label>entity.GL7Exposure.OwnersContractorsPremiumBasis</Label>
        <WidgetType>Range</WidgetType>
        <EffectiveDate>2019-12-01</EffectiveDate>
        <Priority>7200</Priority>
        <Editable>true</Editable>
        <Available>true</Available>
        <Visible>true</Visible>
        <Required>true</Required>
      </Version>
    </Column>
    <Column name="PollutionClassCode">
      <Version>
        <Label>entity.GL7Exposure.PollutionClassCode</Label>
        <WidgetType>Range</WidgetType>
        <EffectiveDate>2019-12-01</EffectiveDate>
        <Priority>1600</Priority>
        <Editable>true</Editable>
        <Available>true</Available>
        <Visible>true</Visible>
        <Required>true</Required>
      </Version>
    </Column>
    <Column name="PollutionClassDescription">
      <Version>
        <Label>entity.GL7Exposure.PollutionClassDescription</Label>
        <WidgetType>Range</WidgetType>
        <EffectiveDate>2019-12-01</EffectiveDate>
        <Priority>1615</Priority>
        <Editable>true</Editable>
        <Available>true</Available>
        <Visible>true</Visible>
        <Required>true</Required>
      </Version>
    </Column>
    <Column name="PollutionExposure">
      <Version>
        <Label>entity.GL7Exposure.PollutionExposure</Label>
        <WidgetType>Text</WidgetType>
        <EffectiveDate>2019-12-01</EffectiveDate>
        <Priority>7900</Priority>
        <Editable>true</Editable>
        <Available>true</Available>
        <Visible>true</Visible>
        <Required>true</Required>
        <DefaultValue>0</DefaultValue>
        <Max>9999999999</Max>
        <Min>0</Min>
      </Version>
    </Column>
    <Column name="PollutionPremiumBasis">
      <Version>
        <Label>entity.GL7Exposure.PollutionPremiumBasis</Label>
        <WidgetType>Range</WidgetType>
        <EffectiveDate>2019-12-01</EffectiveDate>
        <Priority>7300</Priority>
        <Editable>true</Editable>
        <Available>true</Available>
        <Visible>true</Visible>
        <Required>true</Required>
      </Version>
    </Column>
    <Column name="PremOpsBIDeductible">
      <Version>
        <Label>entity.GL7Exposure.PremOpsBIDeductible</Label>
        <WidgetType>Range</WidgetType>
        <EffectiveDate>2019-12-01</EffectiveDate>
        <Priority>6810</Priority>
        <Editable>true</Editable>
        <Available>true</Available>
        <Visible>true</Visible>
        <Required>true</Required>
        <DefaultPath>/GL7GeneralLiabilityLine/GL7SublineType/GL7Location/PremOpsBIDeductible</DefaultPath>
      </Version>
    </Column>
    <Column name="PremOpsBIDeductibleFactorOverride">
      <Version>
        <Label>entity.GL7Exposure.PremOpsBIDeductibleFactorOverride</Label>
        <WidgetType>Money</WidgetType>
        <EffectiveDate>2019-12-01</EffectiveDate>
        <Priority>6830</Priority>
        <Editable>true</Editable>
        <Available>true</Available>
        <Visible>true</Visible>
        <Required>true</Required>
        <Max>9999.999</Max>
        <Min>0</Min>
      </Version>
    </Column>
    <Column name="PremOpsBIPDDeductible">
      <Version>
        <Label>entity.GL7Exposure.PremOpsBIPDDeductible</Label>
        <WidgetType>Range</WidgetType>
        <EffectiveDate>2019-12-01</EffectiveDate>
        <Priority>6860</Priority>
        <Editable>true</Editable>
        <Available>true</Available>
        <Visible>true</Visible>
        <Required>true</Required>
        <DefaultPath>/GL7GeneralLiabilityLine/GL7SublineType/GL7Location/PremOpsBIPDDeductible</DefaultPath>
      </Version>
    </Column>
    <Column name="PremOpsBIPDDeductibleFactorOverride">
      <Version>
        <Label>entity.GL7Exposure.PremOpsBIPDDeductibleFactorOverride</Label>
        <WidgetType>Money</WidgetType>
        <EffectiveDate>2019-12-01</EffectiveDate>
        <Priority>6880</Priority>
        <Editable>true</Editable>
        <Available>true</Available>
        <Visible>true</Visible>
        <Required>true</Required>
        <Max>9999.999</Max>
        <Min>0</Min>
      </Version>
    </Column>
    <Column name="PremOpsELPOverride">
      <Version>
        <Label>entity.GL7Exposure.PremOpsELPOverride</Label>
        <WidgetType>Decimal</WidgetType>
        <EffectiveDate>2019-12-01</EffectiveDate>
        <Priority>4800</Priority>
        <Editable>true</Editable>
        <Available>true</Available>
        <Visible>true</Visible>
        <Required>true</Required>
        <DefaultValue>0</DefaultValue>
        <Max>9999.999</Max>
        <Min>0</Min>
      </Version>
    </Column>
    <Column name="PremOpsExposure">
      <Version>
        <Label>entity.GL7Exposure.PremOpsExposure</Label>
        <WidgetType>Text</WidgetType>
        <EffectiveDate>2019-12-01</EffectiveDate>
        <Priority>7600</Priority>
        <Editable>true</Editable>
        <Available>true</Available>
        <Visible>true</Visible>
        <Required>true</Required>
        <DefaultValue>0</DefaultValue>
        <Max>9999999999</Max>
        <Min>0</Min>
      </Version>
    </Column>
    <Column name="PremOpsIncrdLimitTableAssignment">
      <Version>
        <Label>entity.GL7Exposure.PremOpsIncrdLimitTableAssignment</Label>
        <WidgetType>Range</WidgetType>
        <EffectiveDate>2019-12-01</EffectiveDate>
        <Priority>3700</Priority>
        <Editable>false</Editable>
        <Available>true</Available>
        <Visible>true</Visible>
        <Required>true</Required>
      </Version>
    </Column>
    <Column name="PremOpsIncrdLimitTableAssignmentOverride">
      <Version>
        <Label>entity.GL7Exposure.PremOpsIncrdLimitTableAssignmentOverride</Label>
        <WidgetType>Range</WidgetType>
        <EffectiveDate>2019-12-01</EffectiveDate>
        <Priority>3800</Priority>
        <Editable>true</Editable>
        <Available>true</Available>
        <Visible>true</Visible>
        <Required>true</Required>
      </Version>
    </Column>
    <Column name="PremOpsPDDeductible">
      <Version>
        <Label>entity.GL7Exposure.PremOpsPDDeductible</Label>
        <WidgetType>Range</WidgetType>
        <EffectiveDate>2019-12-01</EffectiveDate>
        <Priority>6835</Priority>
        <Editable>true</Editable>
        <Available>true</Available>
        <Visible>true</Visible>
        <Required>true</Required>
        <DefaultPath>/GL7GeneralLiabilityLine/GL7SublineType/GL7Location/PremOpsPDDeductible</DefaultPath>
      </Version>
    </Column>
    <Column name="PremOpsPDDeductibleFactorOverride">
      <Version>
        <Label>entity.GL7Exposure.PremOpsPDDeductibleFactorOverride</Label>
        <WidgetType>Money</WidgetType>
        <EffectiveDate>2019-12-01</EffectiveDate>
        <Priority>6855</Priority>
        <Editable>true</Editable>
        <Available>true</Available>
        <Visible>true</Visible>
        <Required>true</Required>
        <Max>9999.999</Max>
        <Min>0</Min>
      </Version>
    </Column>
    <Column name="PremOpsPremiumBasis">
      <Version>
        <Label>entity.GL7Exposure.PremOpsPremiumBasis</Label>
        <WidgetType>Range</WidgetType>
        <EffectiveDate>2019-12-01</EffectiveDate>
        <Priority>7000</Priority>
        <Editable>true</Editable>
        <Available>true</Available>
        <Visible>true</Visible>
        <Required>true</Required>
      </Version>
    </Column>
    <Column name="Premises">
      <Version>
        <Label>entity.GL7Exposure.Premises</Label>
        <WidgetType>Label</WidgetType>
        <EffectiveDate>2019-12-01</EffectiveDate>
        <Priority>2500</Priority>
        <Editable>false</Editable>
        <Available>true</Available>
        <Visible>true</Visible>
        <Required>false</Required>
      </Version>
    </Column>
    <Column name="ProdsCompldOpsBIDeductible">
      <Version>
        <Label>entity.GL7Exposure.ProdsCompldOpsBIDeductible</Label>
        <WidgetType>Range</WidgetType>
        <EffectiveDate>2019-12-01</EffectiveDate>
        <Priority>10010</Priority>
        <Editable>true</Editable>
        <Available>true</Available>
        <Visible>true</Visible>
        <Required>true</Required>
        <DefaultPath>/GL7GeneralLiabilityLine/GL7SublineType/GL7Location/ProdsCompldOpsBIDeductible</DefaultPath>
      </Version>
    </Column>
    <Column name="ProdsCompldOpsBIDeductibleFactorOverride">
      <Version>
        <Label>entity.GL7Exposure.ProdsCompldOpsBIDeductibleFactorOverride</Label>
        <WidgetType>Money</WidgetType>
        <EffectiveDate>2019-12-01</EffectiveDate>
        <Priority>10030</Priority>
        <Editable>true</Editable>
        <Available>true</Available>
        <Visible>true</Visible>
        <Required>true</Required>
        <Max>9999.999</Max>
        <Min>0</Min>
      </Version>
    </Column>
    <Column name="ProdsCompldOpsBIPDDeductible">
      <Version>
        <Label>entity.GL7Exposure.ProdsCompldOpsBIPDDeductible</Label>
        <WidgetType>Range</WidgetType>
        <EffectiveDate>2019-12-01</EffectiveDate>
        <Priority>10070</Priority>
        <Editable>true</Editable>
        <Available>true</Available>
        <Visible>true</Visible>
        <Required>true</Required>
        <DefaultPath>/GL7GeneralLiabilityLine/GL7SublineType/GL7Location/ProdsCompldOpsBIPDDeductible</DefaultPath>
      </Version>
    </Column>
    <Column name="ProdsCompldOpsBIPDDeductibleFactorOverride">
      <Version>
        <Label>entity.GL7Exposure.ProdsCompldOpsBIPDDeductibleFactorOverride</Label>
        <WidgetType>Money</WidgetType>
        <EffectiveDate>2019-12-01</EffectiveDate>
        <Priority>10090</Priority>
        <Editable>true</Editable>
        <Available>true</Available>
        <Visible>true</Visible>
        <Required>true</Required>
        <Max>9999.999</Max>
        <Min>0</Min>
      </Version>
    </Column>
    <Column name="ProdsCompldOpsCov">
      <Version>
        <Label>entity.GL7Exposure.ProdsCompldOpsCov</Label>
        <WidgetType>Range</WidgetType>
        <EffectiveDate>2019-12-01</EffectiveDate>
        <Priority>8400</Priority>
        <Editable>true</Editable>
        <Available>true</Available>
        <Visible>true</Visible>
        <Required>true</Required>
      </Version>
    </Column>
    <Column name="ProdsCompldOpsELPOverride">
      <Version>
        <Label>entity.GL7Exposure.ProdsCompldOpsELPOverride</Label>
        <WidgetType>Decimal</WidgetType>
        <EffectiveDate>2019-12-01</EffectiveDate>
        <Priority>9300</Priority>
        <Editable>true</Editable>
        <Available>true</Available>
        <Visible>true</Visible>
        <Required>true</Required>
        <DefaultValue>0</DefaultValue>
        <Max>9999.999</Max>
        <Min>0</Min>
      </Version>
    </Column>
    <Column name="ProdsCompldOpsExposure">
      <Version>
        <Label>entity.GL7Exposure.ProdsCompldOpsExposure</Label>
        <WidgetType>Text</WidgetType>
        <EffectiveDate>2019-12-01</EffectiveDate>
        <Priority>10200</Priority>
        <Editable>true</Editable>
        <Available>true</Available>
        <Visible>true</Visible>
        <Required>true</Required>
        <DefaultValue>0</DefaultValue>
        <Max>9999999999</Max>
        <Min>0</Min>
      </Version>
    </Column>
    <Column name="ProdsCompldOpsIncrdLimitTableAssignment">
      <Version>
        <Label>entity.GL7Exposure.ProdsCompldOpsIncrdLimitTableAssignment</Label>
        <WidgetType>Range</WidgetType>
        <EffectiveDate>2019-12-01</EffectiveDate>
        <Priority>8700</Priority>
        <Editable>false</Editable>
        <Available>true</Available>
        <Visible>true</Visible>
        <Required>true</Required>
      </Version>
    </Column>
    <Column name="ProdsCompldOpsIncrdLimitTableAssignmentOverride">
      <Version>
        <Label>entity.GL7Exposure.ProdsCompldOpsIncrdLimitTableAssignmentOverride</Label>
        <WidgetType>Range</WidgetType>
        <EffectiveDate>2019-12-01</EffectiveDate>
        <Priority>8800</Priority>
        <Editable>true</Editable>
        <Available>true</Available>
        <Visible>true</Visible>
        <Required>true</Required>
      </Version>
    </Column>
    <Column name="ProdsCompldOpsPDDeductible">
      <Version>
        <Label>entity.GL7Exposure.ProdsCompldOpsPDDeductible</Label>
        <WidgetType>Range</WidgetType>
        <EffectiveDate>2019-12-01</EffectiveDate>
        <Priority>10040</Priority>
        <Editable>true</Editable>
        <Available>true</Available>
        <Visible>true</Visible>
        <Required>true</Required>
        <DefaultPath>/GL7GeneralLiabilityLine/GL7SublineType/GL7Location/ProdsCompldOpsPDDeductible</DefaultPath>
      </Version>
    </Column>
    <Column name="ProdsCompldOpsPDDeductibleFactorOverride">
      <Version>
        <Label>entity.GL7Exposure.ProdsCompldOpsPDDeductibleFactorOverride</Label>
        <WidgetType>Money</WidgetType>
        <EffectiveDate>2019-12-01</EffectiveDate>
        <Priority>10060</Priority>
        <Editable>true</Editable>
        <Available>true</Available>
        <Visible>true</Visible>
        <Required>true</Required>
        <Max>9999.999</Max>
        <Min>0</Min>
      </Version>
    </Column>
    <Column name="ProdsCompldOpsPremiumBasis">
      <Version>
        <Label>entity.GL7Exposure.ProdsCompldOpsPremiumBasis</Label>
        <WidgetType>Range</WidgetType>
        <EffectiveDate>2019-12-01</EffectiveDate>
        <Priority>10100</Priority>
        <Editable>true</Editable>
        <Available>true</Available>
        <Visible>true</Visible>
        <Required>true</Required>
      </Version>
    </Column>
    <Column name="ProductCoverage">
      <Version>
        <Label>entity.GL7Exposure.ProductCoverage</Label>
        <WidgetType>Range</WidgetType>
        <EffectiveDate>2019-12-01</EffectiveDate>
        <Priority>10</Priority>
        <Editable>true</Editable>
        <Available>true</Available>
        <Visible>true</Visible>
        <Required>true</Required>
      </Version>
    </Column>
    <Column name="ProductWithdrawalCoverage">
      <Version>
        <Label>entity.GL7Exposure.ProductWithdrawalCoverage</Label>
        <WidgetType>Range</WidgetType>
        <EffectiveDate>2019-12-01</EffectiveDate>
        <Priority>10402</Priority>
        <Editable>true</Editable>
        <Available>true</Available>
        <Visible>true</Visible>
        <Required>true</Required>
      </Version>
    </Column>
    <Column name="ProductWithdrawalDeductible">
      <Version>
        <Label>entity.GL7Exposure.ProductWithdrawalDeductible</Label>
        <WidgetType>Range</WidgetType>
        <EffectiveDate>2019-12-01</EffectiveDate>
        <Priority>10419</Priority>
        <Editable>true</Editable>
        <Available>true</Available>
        <Visible>true</Visible>
        <Required>true</Required>
        <DefaultPath>/GL7GeneralLiabilityLine/GL7SublineType/GL7Location/ProductWithdrawalDeductible</DefaultPath>
      </Version>
    </Column>
    <Column name="ProductWithdrawalDeductibleFactorOverride">
      <Version>
        <Label>entity.GL7Exposure.ProductWithdrawalDeductibleFactorOverride</Label>
        <WidgetType>Money</WidgetType>
        <EffectiveDate>2019-12-01</EffectiveDate>
        <Priority>10421</Priority>
        <Editable>true</Editable>
        <Available>true</Available>
        <Visible>true</Visible>
        <Required>true</Required>
        <Max>9999.999</Max>
        <Min>0</Min>
      </Version>
    </Column>
    <Column name="ProductWithdrawalELPOverride">
      <Version>
        <Label>entity.GL7Exposure.ProductWithdrawalELPOverride</Label>
        <WidgetType>Decimal</WidgetType>
        <EffectiveDate>2019-12-01</EffectiveDate>
        <Priority>10418</Priority>
        <Editable>true</Editable>
        <Available>true</Available>
        <Visible>true</Visible>
        <Required>true</Required>
        <DefaultValue>0</DefaultValue>
        <Max>9999.999</Max>
        <Min>0</Min>
      </Version>
    </Column>
    <Column name="ProductWithdrawalExpensesAndLiabilityIncrdLimitTableAssignment">
      <Version>
        <Label>entity.GL7Exposure.ProductWithdrawalExpensesAndLiabilityIncrdLimitTableAssignment</Label>
        <WidgetType>Range</WidgetType>
        <EffectiveDate>2019-12-01</EffectiveDate>
        <Priority>10407</Priority>
        <Editable>false</Editable>
        <Available>true</Available>
        <Visible>true</Visible>
        <Required>true</Required>
      </Version>
    </Column>
    <Column name="ProductWithdrawalExpensesAndLiabilityIncrdLimitTableAssignmentOverride">
      <Version>
        <Label>entity.GL7Exposure.ProductWithdrawalExpensesAndLiabilityIncrdLimitTableAssignmentOverride</Label>
        <WidgetType>Range</WidgetType>
        <EffectiveDate>2019-12-01</EffectiveDate>
        <Priority>10408</Priority>
        <Editable>true</Editable>
        <Available>true</Available>
        <Visible>true</Visible>
        <Required>true</Required>
      </Version>
    </Column>
    <Column name="ProductWithdrawalExposure">
      <Version>
        <Label>entity.GL7Exposure.ProductWithdrawalExposure</Label>
        <WidgetType>Text</WidgetType>
        <EffectiveDate>2019-12-01</EffectiveDate>
        <Priority>10429</Priority>
        <Editable>true</Editable>
        <Available>true</Available>
        <Visible>true</Visible>
        <Required>true</Required>
        <DefaultValue>0</DefaultValue>
        <Max>9999999999</Max>
        <Min>0</Min>
      </Version>
    </Column>
    <Column name="ProductWithdrawalPremiumBasis">
      <Version>
        <Label>entity.GL7Exposure.ProductWithdrawalPremiumBasis</Label>
        <WidgetType>Range</WidgetType>
        <EffectiveDate>2019-12-01</EffectiveDate>
        <Priority>10427</Priority>
        <Editable>true</Editable>
        <Available>true</Available>
        <Visible>true</Visible>
        <Required>true</Required>
      </Version>
    </Column>
    <Column name="Products">
      <Version>
        <Label>entity.GL7Exposure.Products</Label>
        <WidgetType>Label</WidgetType>
        <EffectiveDate>2019-12-01</EffectiveDate>
        <Priority>8200</Priority>
        <Editable>false</Editable>
        <Available>true</Available>
        <Visible>true</Visible>
        <Required>false</Required>
      </Version>
    </Column>
    <Column name="RailroadClassCode">
      <Version>
        <Label>entity.GL7Exposure.RailroadClassCode</Label>
        <WidgetType>Range</WidgetType>
        <EffectiveDate>2019-12-01</EffectiveDate>
        <Priority>1700</Priority>
        <Editable>true</Editable>
        <Available>true</Available>
        <Visible>true</Visible>
        <Required>true</Required>
      </Version>
    </Column>
    <Column name="RailroadClassDescription">
      <Version>
        <Label>entity.GL7Exposure.RailroadClassDescription</Label>
        <WidgetType>Range</WidgetType>
        <EffectiveDate>2019-12-01</EffectiveDate>
        <Priority>1715</Priority>
        <Editable>true</Editable>
        <Available>true</Available>
        <Visible>true</Visible>
        <Required>true</Required>
      </Version>
    </Column>
    <Column name="RailroadExposure">
      <Version>
        <Label>entity.GL7Exposure.RailroadExposure</Label>
        <WidgetType>Text</WidgetType>
        <EffectiveDate>2019-12-01</EffectiveDate>
        <Priority>8000</Priority>
        <Editable>true</Editable>
        <Available>true</Available>
        <Visible>true</Visible>
        <Required>true</Required>
        <DefaultValue>0</DefaultValue>
        <Max>9999999999</Max>
        <Min>0</Min>
      </Version>
    </Column>
    <Column name="RailroadPremiumBasis">
      <Version>
        <Label>entity.GL7Exposure.RailroadPremiumBasis</Label>
        <WidgetType>Range</WidgetType>
        <EffectiveDate>2019-12-01</EffectiveDate>
        <Priority>7400</Priority>
        <Editable>true</Editable>
        <Available>true</Available>
        <Visible>true</Visible>
        <Required>true</Required>
      </Version>
    </Column>
    <Column name="SprayPainting">
      <Version>
        <Label>entity.GL7Exposure.SprayPainting</Label>
        <WidgetType>Range</WidgetType>
        <EffectiveDate>2019-12-01</EffectiveDate>
        <Priority>1380</Priority>
        <Editable>true</Editable>
        <Available>true</Available>
        <Visible>true</Visible>
        <Required>true</Required>
        <DefaultValue>No</DefaultValue>
      </Version>
    </Column>
    <Column name="TerrorismExposureClassesOther">
      <Version>
        <Label>entity.GL7Exposure.TerrorismExposureClassesOther</Label>
        <WidgetType>Text</WidgetType>
        <EffectiveDate>2019-12-01</EffectiveDate>
        <Priority>50001</Priority>
        <Editable>false</Editable>
        <Available>true</Available>
        <Visible>false</Visible>
        <Required>false</Required>
      </Version>
    </Column>
    <Column name="TerrorismExposureClassesPremises">
      <Version>
        <Label>entity.GL7Exposure.TerrorismExposureClassesPremises</Label>
        <WidgetType>Text</WidgetType>
        <EffectiveDate>2019-12-01</EffectiveDate>
        <Priority>50003</Priority>
        <Editable>false</Editable>
        <Available>true</Available>
        <Visible>false</Visible>
        <Required>false</Required>
      </Version>
    </Column>
    <Column name="TerrorismExposureClassesProducts">
      <Version>
        <Label>entity.GL7Exposure.TerrorismExposureClassesProducts</Label>
        <WidgetType>Text</WidgetType>
        <EffectiveDate>2019-12-01</EffectiveDate>
        <Priority>50002</Priority>
        <Editable>false</Editable>
        <Available>true</Available>
        <Visible>false</Visible>
        <Required>false</Required>
      </Version>
    </Column>
    <Column name="TotalCostWorkTrainsOrOtherRREquipmtAssigned">
      <Version>
        <Label>entity.GL7Exposure.TotalCostWorkTrainsOrOtherRREquipmtAssigned</Label>
        <WidgetType>Integer</WidgetType>
        <EffectiveDate>2019-12-01</EffectiveDate>
        <Priority>3680</Priority>
        <Editable>true</Editable>
        <Available>true</Available>
        <Visible>true</Visible>
        <Required>true</Required>
      </Version>
    </Column>
    <Column name="USTClassCode">
      <Version>
        <Label>entity.GL7Exposure.USTClassCode</Label>
        <WidgetType>Range</WidgetType>
        <EffectiveDate>2019-12-01</EffectiveDate>
        <Priority>1800</Priority>
        <Editable>true</Editable>
        <Available>true</Available>
        <Visible>true</Visible>
        <Required>true</Required>
      </Version>
    </Column>
    <Column name="USTClassDescription">
      <Version>
        <Label>entity.GL7Exposure.USTClassDescription</Label>
        <WidgetType>Range</WidgetType>
        <EffectiveDate>2019-12-01</EffectiveDate>
        <Priority>1850</Priority>
        <Editable>true</Editable>
        <Available>true</Available>
        <Visible>true</Visible>
        <Required>true</Required>
      </Version>
    </Column>
    <Column name="USTExposure">
      <Version>
        <Label>entity.GL7Exposure.USTExposure</Label>
        <WidgetType>Text</WidgetType>
        <EffectiveDate>2019-12-01</EffectiveDate>
        <Priority>8100</Priority>
        <Editable>true</Editable>
        <Available>true</Available>
        <Visible>true</Visible>
        <Required>true</Required>
        <DefaultValue>0</DefaultValue>
        <Max>9999999999</Max>
        <Min>0</Min>
      </Version>
    </Column>
    <Column name="USTPremiumBasis">
      <Version>
        <Label>entity.GL7Exposure.USTPremiumBasis</Label>
        <WidgetType>Range</WidgetType>
        <EffectiveDate>2019-12-01</EffectiveDate>
        <Priority>7500</Priority>
        <Editable>true</Editable>
        <Available>true</Available>
        <Visible>true</Visible>
        <Required>true</Required>
      </Version>
    </Column>
  </Entity>
  <Entity name="GL7UnmannedAircraft">
    <Column name="CovAApplies">
      <Version>
        <Label>entity.GL7UnmannedAircraft.CovAApplies</Label>
        <WidgetType>Range</WidgetType>
        <EffectiveDate>2019-12-01</EffectiveDate>
        <Priority>1200</Priority>
        <Editable>true</Editable>
        <Available>true</Available>
        <Visible>false</Visible>
        <Required>true</Required>
        <DefaultValue>Yes</DefaultValue>
      </Version>
    </Column>
    <Column name="CovBApplies">
      <Version>
        <Label>entity.GL7UnmannedAircraft.CovBApplies</Label>
        <WidgetType>Range</WidgetType>
        <EffectiveDate>2019-12-01</EffectiveDate>
        <Priority>1300</Priority>
        <Editable>true</Editable>
        <Available>true</Available>
        <Visible>false</Visible>
        <Required>true</Required>
        <DefaultValue>Yes</DefaultValue>
      </Version>
    </Column>
    <Column name="HoursOfOperationPerYear">
      <Version>
        <Label>entity.GL7UnmannedAircraft.HoursOfOperationPerYear</Label>
        <WidgetType>Integer</WidgetType>
        <EffectiveDate>2019-12-01</EffectiveDate>
        <Priority>900</Priority>
        <Editable>true</Editable>
        <Available>true</Available>
        <Visible>true</Visible>
        <Required>true</Required>
      </Version>
    </Column>
    <Column name="LevelOfCertification">
      <Version>
        <Label>entity.GL7UnmannedAircraft.LevelOfCertification</Label>
        <WidgetType>Range</WidgetType>
        <EffectiveDate>2019-12-01</EffectiveDate>
        <Priority>1100</Priority>
        <Editable>true</Editable>
        <Available>true</Available>
        <Visible>true</Visible>
        <Required>true</Required>
      </Version>
    </Column>
    <Column name="Manufacturer">
      <Version>
        <Label>entity.GL7UnmannedAircraft.Manufacturer</Label>
        <WidgetType>Range</WidgetType>
        <EffectiveDate>2019-12-01</EffectiveDate>
        <Priority>200</Priority>
        <Editable>true</Editable>
        <Available>true</Available>
        <Visible>true</Visible>
        <Required>true</Required>
      </Version>
    </Column>
    <Column name="MaximumTakeoffWeight">
      <Version>
        <Label>entity.GL7UnmannedAircraft.MaximumTakeoffWeight</Label>
        <WidgetType>Decimal</WidgetType>
        <EffectiveDate>2019-12-01</EffectiveDate>
        <Priority>400</Priority>
        <Editable>true</Editable>
        <Available>true</Available>
        <Visible>true</Visible>
        <Required>true</Required>
        <DefaultValue>0</DefaultValue>
        <Min>0</Min>
      </Version>
    </Column>
    <Column name="Model">
      <Version>
        <Label>entity.GL7UnmannedAircraft.Model</Label>
        <WidgetType>Range</WidgetType>
        <EffectiveDate>2019-12-01</EffectiveDate>
        <Priority>300</Priority>
        <Editable>true</Editable>
        <Available>true</Available>
        <Visible>true</Visible>
        <Required>true</Required>
      </Version>
    </Column>
    <Column name="OperatorYearsOfExperience">
      <Version>
        <Label>entity.GL7UnmannedAircraft.OperatorYearsOfExperience</Label>
        <WidgetType>Range</WidgetType>
        <EffectiveDate>2019-12-01</EffectiveDate>
        <Priority>800</Priority>
        <Editable>true</Editable>
        <Available>true</Available>
        <Visible>true</Visible>
        <Required>true</Required>
      </Version>
    </Column>
    <Column name="OwnershipAndOperation">
      <Version>
        <Label>entity.GL7UnmannedAircraft.OwnershipAndOperation</Label>
        <WidgetType>Range</WidgetType>
        <EffectiveDate>2019-12-01</EffectiveDate>
        <Priority>500</Priority>
        <Editable>true</Editable>
        <Available>true</Available>
        <Visible>true</Visible>
        <Required>true</Required>
      </Version>
    </Column>
    <Column name="PrimaryPlaceOfOperation">
      <Version>
        <Label>entity.GL7UnmannedAircraft.PrimaryPlaceOfOperation</Label>
        <WidgetType>Range</WidgetType>
        <EffectiveDate>2019-12-01</EffectiveDate>
        <Priority>600</Priority>
        <Editable>true</Editable>
        <Available>true</Available>
        <Visible>true</Visible>
        <Required>true</Required>
      </Version>
    </Column>
    <Column name="TypeOfModifications">
      <Version>
        <Label>entity.GL7UnmannedAircraft.TypeOfModifications</Label>
        <WidgetType>Range</WidgetType>
        <EffectiveDate>2019-12-01</EffectiveDate>
        <Priority>1000</Priority>
        <Editable>true</Editable>
        <Available>true</Available>
        <Visible>true</Visible>
        <Required>true</Required>
      </Version>
    </Column>
    <Column name="UAIdentificationCode">
      <Version>
        <Label>entity.GL7UnmannedAircraft.UAIdentificationCode</Label>
        <WidgetType>Text</WidgetType>
        <EffectiveDate>2019-12-01</EffectiveDate>
        <Priority>100</Priority>
        <Editable>true</Editable>
        <Available>true</Available>
        <Visible>true</Visible>
        <Required>false</Required>
      </Version>
    </Column>
    <Column name="Usage">
      <Version>
        <Label>entity.GL7UnmannedAircraft.Usage</Label>
        <WidgetType>Range</WidgetType>
        <EffectiveDate>2019-12-01</EffectiveDate>
        <Priority>700</Priority>
        <Editable>true</Editable>
        <Available>true</Available>
        <Visible>true</Visible>
        <Required>true</Required>
      </Version>
    </Column>
  </Entity>
  <Entity name="GL7SublineType">
    <Column name="CoverageForm">
      <Version>
        <Label>entity.GL7SublineType.CoverageForm</Label>
        <WidgetType>Text</WidgetType>
        <EffectiveDate>2019-12-01</EffectiveDate>
        <Priority>200024</Priority>
        <Editable>false</Editable>
        <Available>true</Available>
        <Visible>false</Visible>
        <Required>false</Required>
      </Version>
    </Column>
    <Column name="DamageToPremisesRentedToYouExcl">
      <Version>
        <Label>entity.GL7SublineType.DamageToPremisesRentedToYouExcl</Label>
        <WidgetType>Text</WidgetType>
        <EffectiveDate>2019-12-01</EffectiveDate>
        <Priority>7000</Priority>
        <Editable>true</Editable>
        <Available>true</Available>
        <Visible>false</Visible>
        <Required>false</Required>
        <DefaultValue>No</DefaultValue>
      </Version>
    </Column>
    <Column name="EDLCoverageForm">
      <Version>
        <Label>entity.GL7SublineType.EDLCoverageForm</Label>
        <WidgetType>Range</WidgetType>
        <EffectiveDate>2019-12-01</EffectiveDate>
        <Priority>2750</Priority>
        <Editable>true</Editable>
        <Available>true</Available>
        <Visible>true</Visible>
        <Required>true</Required>
        <DefaultValue>Claims Made</DefaultValue>
      </Version>
    </Column>
    <Column name="EDLRetroactiveDate">
      <Version>
        <Label>entity.GL7SublineType.EDLRetroactiveDate</Label>
        <WidgetType>Date</WidgetType>
        <EffectiveDate>2019-12-01</EffectiveDate>
        <Priority>3125</Priority>
        <Editable>true</Editable>
        <Available>true</Available>
        <Visible>true</Visible>
        <Required>true</Required>
      </Version>
    </Column>
    <Column name="ERPDramaticChangeOnExposure">
      <Version>
        <Label>entity.GL7SublineType.ERPDramaticChangeOnExposure</Label>
        <WidgetType>Range</WidgetType>
        <EffectiveDate>2019-12-01</EffectiveDate>
        <Priority>3188</Priority>
        <Editable>true</Editable>
        <Available>true</Available>
        <Visible>true</Visible>
        <Required>true</Required>
        <DefaultValue>No</DefaultValue>
      </Version>
    </Column>
    <Column name="ERPExposuresOnSpecialUWBasisPremOpsCurrent">
      <Version>
        <Label>entity.GL7SublineType.ERPExposuresOnSpecialUWBasisPremOpsCurrent</Label>
        <WidgetType>Text</WidgetType>
        <EffectiveDate>2019-12-01</EffectiveDate>
        <Priority>3192</Priority>
        <Editable>true</Editable>
        <Available>true</Available>
        <Visible>true</Visible>
        <Required>true</Required>
        <Max>9999999999</Max>
        <Min>1</Min>
      </Version>
    </Column>
    <Column name="ERPExposuresOnSpecialUWBasisProdCompldOpsCurrent">
      <Version>
        <Label>entity.GL7SublineType.ERPExposuresOnSpecialUWBasisProdCompldOpsCurrent</Label>
        <WidgetType>Text</WidgetType>
        <EffectiveDate>2019-12-01</EffectiveDate>
        <Priority>3194</Priority>
        <Editable>true</Editable>
        <Available>true</Available>
        <Visible>true</Visible>
        <Required>true</Required>
        <Max>9999999999</Max>
        <Min>1</Min>
      </Version>
    </Column>
    <Column name="ERPPeriodEnds6MonthsPrior">
      <Version>
        <Label>entity.GL7SublineType.ERPPeriodEnds6MonthsPrior</Label>
        <WidgetType>Range</WidgetType>
        <EffectiveDate>2019-12-01</EffectiveDate>
        <Priority>3182</Priority>
        <Editable>true</Editable>
        <Available>true</Available>
        <Visible>true</Visible>
        <Required>true</Required>
        <DefaultValue>Yes</DefaultValue>
      </Version>
    </Column>
    <Column name="ERPYearsOfExperienceIncurred">
      <Version>
        <Label>entity.GL7SublineType.ERPYearsOfExperienceIncurred</Label>
        <WidgetType>Range</WidgetType>
        <EffectiveDate>2019-12-01</EffectiveDate>
        <Priority>3184</Priority>
        <Editable>true</Editable>
        <Available>true</Available>
        <Visible>true</Visible>
        <Required>true</Required>
      </Version>
    </Column>
    <Column name="ExperienceBusinessStartDate">
      <Version>
        <Label>entity.GL7SublineType.ExperienceBusinessStartDate</Label>
        <WidgetType>Date</WidgetType>
        <EffectiveDate>2019-12-01</EffectiveDate>
        <Priority>3180</Priority>
        <Editable>true</Editable>
        <Available>true</Available>
        <Visible>true</Visible>
        <Required>true</Required>
      </Version>
    </Column>
    <Column name="ExperienceNumberYearsRequired1">
      <Version>
        <Label>entity.GL7SublineType.ExperienceNumberYearsRequired1</Label>
        <WidgetType>Integer</WidgetType>
        <EffectiveDate>2019-12-01</EffectiveDate>
        <Priority>200023</Priority>
        <Editable>false</Editable>
        <Available>true</Available>
        <Visible>false</Visible>
        <Required>false</Required>
      </Version>
    </Column>
    <Column name="ExperienceRatingApplies">
      <Version>
        <Label>entity.GL7SublineType.ExperienceRatingApplies</Label>
        <WidgetType>Range</WidgetType>
        <EffectiveDate>2019-12-01</EffectiveDate>
        <Priority>3175</Priority>
        <Editable>true</Editable>
        <Available>true</Available>
        <Visible>true</Visible>
        <Required>true</Required>
        <DefaultValue>No</DefaultValue>
      </Version>
    </Column>
    <Column name="CompositeExposure">
      <Version>
        <Label>entity.GL7SublineType.CompositeExposure</Label>
        <WidgetType>Text</WidgetType>
        <EffectiveDate>2019-12-01</EffectiveDate>
        <Priority>3356</Priority>
        <Editable>true</Editable>
        <Available>true</Available>
        <Visible>true</Visible>
        <Required>true</Required>
        <DefaultValue>1</DefaultValue>
        <Max>9999999999</Max>
        <Min>1</Min>
      </Version>
    </Column>
    <Column name="CompositeRating">
      <Version>
        <Label>entity.GL7SublineType.CompositeRating</Label>
        <WidgetType>Range</WidgetType>
        <EffectiveDate>2019-12-01</EffectiveDate>
        <Priority>3350</Priority>
        <Editable>true</Editable>
        <Available>true</Available>
        <Visible>true</Visible>
        <Required>true</Required>
        <DefaultValue>No</DefaultValue>
      </Version>
    </Column>
    <Column name="AnnualBasicLimitsCoPremiumOverridePremOps1">
      <Version>
        <Label>entity.GL7SublineType.AnnualBasicLimitsCoPremiumOverridePremOps1</Label>
        <WidgetType>Integer</WidgetType>
        <EffectiveDate>2019-12-01</EffectiveDate>
        <Priority>200022</Priority>
        <Editable>false</Editable>
        <Available>true</Available>
        <Visible>false</Visible>
        <Required>false</Required>
      </Version>
    </Column>
    <Column name="AnnualBasicLimitsCoPremiumOverrideProdCompldOps1">
      <Version>
        <Label>entity.GL7SublineType.AnnualBasicLimitsCoPremiumOverrideProdCompldOps1</Label>
        <WidgetType>Integer</WidgetType>
        <EffectiveDate>2019-12-01</EffectiveDate>
        <Priority>200021</Priority>
        <Editable>false</Editable>
        <Available>true</Available>
        <Visible>false</Visible>
        <Required>false</Required>
      </Version>
    </Column>
    <Column name="ExperienceNumberYearsRequired">
      <Version>
        <Label>entity.GL7SublineType.ExperienceNumberYearsRequired</Label>
        <WidgetType>Integer</WidgetType>
        <EffectiveDate>2019-12-01</EffectiveDate>
        <Priority>50</Priority>
        <Editable>true</Editable>
        <Available>true</Available>
        <Visible>false</Visible>
        <Required>false</Required>
      </Version>
    </Column>
    <Column name="CompositeRatingHeader">
      <Version>
        <Label>entity.GL7SublineType.CompositeRatingHeader</Label>
        <WidgetType>Label</WidgetType>
        <EffectiveDate>2019-12-01</EffectiveDate>
        <Priority>3349</Priority>
        <Editable>false</Editable>
        <Available>true</Available>
        <Visible>true</Visible>
        <Required>false</Required>
      </Version>
    </Column>
    <Column name="GovernmentalSubdivision">
      <Version>
        <Label>entity.GL7SublineType.GovernmentalSubdivision</Label>
        <WidgetType>Range</WidgetType>
        <EffectiveDate>2019-12-01</EffectiveDate>
        <Priority>125</Priority>
        <Editable>true</Editable>
        <Available>true</Available>
        <Visible>true</Visible>
        <Required>true</Required>
        <DefaultValue>No</DefaultValue>
      </Version>
    </Column>
    <Column name="LegalEntity">
      <Version>
        <Label>entity.GL7SublineType.LegalEntity</Label>
        <WidgetType>Range</WidgetType>
        <EffectiveDate>2019-12-01</EffectiveDate>
        <Priority>3156</Priority>
        <Editable>true</Editable>
        <Available>true</Available>
        <Visible>true</Visible>
        <Required>true</Required>
        <DefaultValue>Individual</DefaultValue>
      </Version>
    </Column>
    <Column name="LimitedCovForDesignatedUnmannedAircraft">
      <Version>
        <Label>entity.GL7SublineType.LimitedCovForDesignatedUnmannedAircraft</Label>
        <WidgetType>Range</WidgetType>
        <EffectiveDate>2019-12-01</EffectiveDate>
        <Priority>3160</Priority>
        <Editable>true</Editable>
        <Available>true</Available>
        <Visible>false</Visible>
        <Required>true</Required>
        <DefaultValue>No</DefaultValue>
      </Version>
    </Column>
    <Column name="LiquorCoverageForm">
      <Version>
        <Label>entity.GL7SublineType.LiquorCoverageForm</Label>
        <WidgetType>Range</WidgetType>
        <EffectiveDate>2019-12-01</EffectiveDate>
        <Priority>2400</Priority>
        <Editable>true</Editable>
        <Available>true</Available>
        <Visible>true</Visible>
        <Required>true</Required>
        <DefaultValue>Occurrence</DefaultValue>
      </Version>
      <Version>
        <Jurisdiction>IA</Jurisdiction>
        <Label>entity.GL7SublineType.LiquorCoverageForm</Label>
        <WidgetType>Range</WidgetType>
        <EffectiveDate>2019-12-01</EffectiveDate>
        <Priority>2400</Priority>
        <Editable>true</Editable>
        <Available>true</Available>
        <Visible>true</Visible>
        <Required>true</Required>
        <DefaultValue>Occurrence</DefaultValue>
      </Version>
    </Column>
    <Column name="LiquorRetroactiveDate">
      <Version>
        <Label>entity.GL7SublineType.LiquorRetroactiveDate</Label>
        <WidgetType>Date</WidgetType>
        <EffectiveDate>2019-12-01</EffectiveDate>
        <Priority>3000</Priority>
        <Editable>true</Editable>
        <Available>true</Available>
        <Visible>true</Visible>
        <Required>true</Required>
      </Version>
    </Column>
    <Column name="MedicalPaymentsExcl">
      <Version>
        <Label>entity.GL7SublineType.MedicalPaymentsExcl</Label>
        <WidgetType>Range</WidgetType>
        <EffectiveDate>2019-12-01</EffectiveDate>
        <Priority>850</Priority>
        <Editable>true</Editable>
        <Available>true</Available>
        <Visible>true</Visible>
        <Required>true</Required>
        <DefaultValue>No</DefaultValue>
      </Version>
    </Column>
    <Column name="Multistate">
      <Version>
        <Label>entity.GL7SublineType.Multistate</Label>
        <WidgetType>Text</WidgetType>
        <EffectiveDate>2019-12-01</EffectiveDate>
        <Priority>200028</Priority>
        <Editable>false</Editable>
        <Available>true</Available>
        <Visible>false</Visible>
        <Required>false</Required>
      </Version>
    </Column>
    <Column name="OwnersContractorsCoverageForm">
      <Version>
        <Label>entity.GL7SublineType.OwnersContractorsCoverageForm</Label>
        <WidgetType>Range</WidgetType>
        <EffectiveDate>2019-12-01</EffectiveDate>
        <Priority>2500</Priority>
        <Editable>true</Editable>
        <Available>true</Available>
        <Visible>true</Visible>
        <Required>true</Required>
        <DefaultValue>Occurrence</DefaultValue>
      </Version>
    </Column>
    <Column name="PackageModFactor">
      <Version>
        <Label>entity.GL7SublineType.PackageModFactor</Label>
        <WidgetType>Decimal</WidgetType>
        <EffectiveDate>2019-12-01</EffectiveDate>
        <Priority>200025</Priority>
        <Editable>false</Editable>
        <Available>true</Available>
        <Visible>false</Visible>
        <Required>false</Required>
      </Version>
    </Column>
    <Column name="PackagePolicy">
      <Version>
        <Label>entity.GL7SublineType.PackagePolicy</Label>
        <WidgetType>Text</WidgetType>
        <EffectiveDate>2019-12-01</EffectiveDate>
        <Priority>200027</Priority>
        <Editable>false</Editable>
        <Available>true</Available>
        <Visible>false</Visible>
        <Required>false</Required>
        <DefaultValue>No</DefaultValue>
      </Version>
    </Column>
    <Column name="PersonalAndAdvertisingInjuryExcl">
      <Version>
        <Label>entity.GL7SublineType.PersonalAndAdvertisingInjuryExcl</Label>
        <WidgetType>Text</WidgetType>
        <EffectiveDate>2019-12-01</EffectiveDate>
        <Priority>7100</Priority>
        <Editable>true</Editable>
        <Available>true</Available>
        <Visible>false</Visible>
        <Required>false</Required>
        <DefaultValue>No</DefaultValue>
      </Version>
    </Column>
    <Column name="PollutionCleanUpCoverage">
      <Version>
        <Label>entity.GL7SublineType.PollutionCleanUpCoverage</Label>
        <WidgetType>Range</WidgetType>
        <EffectiveDate>2019-12-01</EffectiveDate>
        <Priority>3170</Priority>
        <Editable>true</Editable>
        <Available>true</Available>
        <Visible>true</Visible>
        <Required>true</Required>
      </Version>
    </Column>
    <Column name="PollutionCoverageForm">
      <Version>
        <Label>entity.GL7SublineType.PollutionCoverageForm</Label>
        <WidgetType>Range</WidgetType>
        <EffectiveDate>2019-12-01</EffectiveDate>
        <Priority>2600</Priority>
        <Editable>true</Editable>
        <Available>true</Available>
        <Visible>true</Visible>
        <Required>true</Required>
        <DefaultValue>Claims Made</DefaultValue>
      </Version>
    </Column>
    <Column name="PollutionRetroactiveDate">
      <Version>
        <Label>entity.GL7SublineType.PollutionRetroactiveDate</Label>
        <WidgetType>Date</WidgetType>
        <EffectiveDate>2019-12-01</EffectiveDate>
        <Priority>3100</Priority>
        <Editable>true</Editable>
        <Available>true</Available>
        <Visible>true</Visible>
        <Required>true</Required>
      </Version>
    </Column>
    <Column name="PremOpsProdsCoverageForm">
      <Version>
        <Label>entity.GL7SublineType.PremOpsProdsCoverageForm</Label>
        <WidgetType>Range</WidgetType>
        <EffectiveDate>2019-12-01</EffectiveDate>
        <Priority>2300</Priority>
        <Editable>true</Editable>
        <Available>true</Available>
        <Visible>true</Visible>
        <Required>true</Required>
        <DefaultValue>Occurrence</DefaultValue>
      </Version>
    </Column>
    <Column name="PremOpsProdsRetroactiveDate">
      <Version>
        <Label>entity.GL7SublineType.PremOpsProdsRetroactiveDate</Label>
        <WidgetType>Date</WidgetType>
        <EffectiveDate>2019-12-01</EffectiveDate>
        <Priority>2900</Priority>
        <Editable>true</Editable>
        <Available>true</Available>
        <Visible>true</Visible>
        <Required>true</Required>
      </Version>
    </Column>
    <Column name="PremiumDiscountPercentage">
      <Version>
        <Label>entity.GL7SublineType.PremiumDiscountPercentage</Label>
        <WidgetType>Decimal</WidgetType>
        <EffectiveDate>2019-12-01</EffectiveDate>
        <Priority>3155</Priority>
        <Editable>true</Editable>
        <Available>true</Available>
        <Visible>true</Visible>
        <Required>true</Required>
        <DefaultValue>0</DefaultValue>
        <Max>100</Max>
        <Min>0</Min>
      </Version>
    </Column>
    <Column name="ProdsWithdrawalCoverage">
      <Version>
        <Label>entity.GL7SublineType.ProdsWithdrawalCoverage</Label>
        <WidgetType>Range</WidgetType>
        <EffectiveDate>2019-12-01</EffectiveDate>
        <Priority>150</Priority>
        <Editable>true</Editable>
        <Available>true</Available>
        <Visible>true</Visible>
        <Required>true</Required>
        <DefaultValue>No</DefaultValue>
      </Version>
    </Column>
    <Column name="ProductWithdrawalCoverageType">
      <Version>
        <Label>entity.GL7SublineType.ProductWithdrawalCoverageType</Label>
        <WidgetType>Range</WidgetType>
        <EffectiveDate>2019-12-01</EffectiveDate>
        <Priority>175</Priority>
        <Editable>true</Editable>
        <Available>true</Available>
        <Visible>true</Visible>
        <Required>true</Required>
        <DefaultValue>Expense</DefaultValue>
      </Version>
    </Column>
    <Column name="ProductWithdrawalParticipationPercentage">
      <Version>
        <Label>entity.GL7SublineType.ProductWithdrawalParticipationPercentage</Label>
        <WidgetType>Text</WidgetType>
        <EffectiveDate>2019-12-01</EffectiveDate>
        <Priority>3154</Priority>
        <Editable>true</Editable>
        <Available>true</Available>
        <Visible>true</Visible>
        <Required>true</Required>
        <DefaultValue>0</DefaultValue>
        <Max>100</Max>
        <Min>0</Min>
      </Version>
    </Column>
    <Column name="ProductsWithdrawalCutOff">
      <Version>
        <Label>entity.GL7SublineType.ProductsWithdrawalCutOff</Label>
        <WidgetType>Date</WidgetType>
        <EffectiveDate>2019-12-01</EffectiveDate>
        <Priority>3152</Priority>
        <Editable>true</Editable>
        <Available>true</Available>
        <Visible>true</Visible>
        <Required>true</Required>
      </Version>
    </Column>
    <Column name="RailroadCoverageForm">
      <Version>
        <Label>entity.GL7SublineType.RailroadCoverageForm</Label>
        <WidgetType>Range</WidgetType>
        <EffectiveDate>2019-12-01</EffectiveDate>
        <Priority>2700</Priority>
        <Editable>true</Editable>
        <Available>true</Available>
        <Visible>true</Visible>
        <Required>true</Required>
        <DefaultValue>Occurrence</DefaultValue>
      </Version>
    </Column>
    <Column name="RetroactiveDateApplies">
      <Version>
        <Label>entity.GL7SublineType.RetroactiveDateApplies</Label>
        <WidgetType>Range</WidgetType>
        <EffectiveDate>2019-12-01</EffectiveDate>
        <Priority>2850</Priority>
        <Editable>true</Editable>
        <Available>true</Available>
        <Visible>true</Visible>
        <Required>true</Required>
        <DefaultValue>No</DefaultValue>
      </Version>
    </Column>
    <Column name="RiskType">
      <Version>
        <Label>entity.GL7SublineType.RiskType</Label>
        <WidgetType>Range</WidgetType>
        <EffectiveDate>2019-12-01</EffectiveDate>
        <Priority>10</Priority>
        <Editable>true</Editable>
        <Available>true</Available>
        <Visible>false</Visible>
        <Required>true</Required>
      </Version>
    </Column>
    <Column name="ScheduleRatingModificationApplies">
      <Version>
        <Label>entity.GL7SublineType.ScheduleRatingModificationApplies</Label>
        <WidgetType>Range</WidgetType>
        <EffectiveDate>2019-12-01</EffectiveDate>
        <Priority>3176</Priority>
        <Editable>true</Editable>
        <Available>true</Available>
        <Visible>false</Visible>
        <Required>true</Required>
        <DefaultValue>No</DefaultValue>
      </Version>
    </Column>
    <Column name="Subline">
      <Version>
        <Label>entity.GL7SublineType.Subline</Label>
        <WidgetType>Text</WidgetType>
        <EffectiveDate>2019-12-01</EffectiveDate>
        <Priority>100</Priority>
        <Editable>true</Editable>
        <Available>true</Available>
        <Visible>false</Visible>
        <Required>true</Required>
      </Version>
    </Column>
    <Column name="TRIAExpirationDate">
      <Version>
        <Label>entity.GL7SublineType.TRIAExpirationDate</Label>
        <WidgetType>Date</WidgetType>
        <EffectiveDate>2019-12-01</EffectiveDate>
        <Priority>3334</Priority>
        <Editable>true</Editable>
        <Available>true</Available>
        <Visible>true</Visible>
        <Required>true</Required>
      </Version>
    </Column>
    <Column name="TRIAExtended">
      <Version>
        <Label>entity.GL7SublineType.TRIAExtended</Label>
        <WidgetType>Range</WidgetType>
        <EffectiveDate>2019-12-01</EffectiveDate>
        <Priority>3332</Priority>
        <Editable>true</Editable>
        <Available>true</Available>
        <Visible>true</Visible>
        <Required>false</Required>
        <DefaultValue>No</DefaultValue>
      </Version>
    </Column>
    <Column name="TRIPTerminatesBeforeExpirationDate">
      <Version>
        <Label>entity.GL7SublineType.TRIPTerminatesBeforeExpirationDate</Label>
        <WidgetType>Range</WidgetType>
        <EffectiveDate>2019-12-01</EffectiveDate>
        <Priority>3330</Priority>
        <Editable>true</Editable>
        <Available>true</Available>
        <Visible>true</Visible>
        <Required>true</Required>
        <DefaultValue>No</DefaultValue>
      </Version>
    </Column>
    <Column name="TerrorismCoverage">
      <Version>
        <Label>entity.GL7SublineType.TerrorismCoverage</Label>
        <WidgetType>Range</WidgetType>
        <EffectiveDate>2019-12-01</EffectiveDate>
        <Priority>3336</Priority>
        <Editable>true</Editable>
        <Available>true</Available>
        <Visible>true</Visible>
        <Required>true</Required>
        <DefaultValue>No</DefaultValue>
      </Version>
    </Column>
    <Column name="USTCoverageForm">
      <Version>
        <Label>entity.GL7SublineType.USTCoverageForm</Label>
        <WidgetType>Range</WidgetType>
        <EffectiveDate>2019-12-01</EffectiveDate>
        <Priority>2800</Priority>
        <Editable>true</Editable>
        <Available>true</Available>
        <Visible>true</Visible>
        <Required>true</Required>
        <DefaultValue>Claims Made</DefaultValue>
      </Version>
    </Column>
    <Column name="UndergroundStorageTankRetroactiveDate">
      <Version>
        <Label>entity.GL7SublineType.UndergroundStorageTankRetroactiveDate</Label>
        <WidgetType>Date</WidgetType>
        <EffectiveDate>2019-12-01</EffectiveDate>
        <Priority>3150</Priority>
        <Editable>true</Editable>
        <Available>true</Available>
        <Visible>true</Visible>
        <Required>true</Required>
      </Version>
    </Column>
    <Column name="YearInClaimsMade">
      <Version>
        <Label>entity.GL7SublineType.YearInClaimsMade</Label>
        <WidgetType>Integer</WidgetType>
        <EffectiveDate>2019-12-01</EffectiveDate>
        <Priority>2450</Priority>
        <Editable>true</Editable>
        <Available>true</Available>
        <Visible>true</Visible>
        <Required>true</Required>
        <DefaultValue>0</DefaultValue>
        <Min>0</Min>
      </Version>
    </Column>
  </Entity>
  <Entity name="GL7Location">
    <Column name="LiquorDeductible">
      <Version>
        <Label>entity.GL7Location.LiquorDeductible</Label>
        <WidgetType>Range</WidgetType>
        <EffectiveDate>2019-12-01</EffectiveDate>
        <Priority>385</Priority>
        <Editable>true</Editable>
        <Available>true</Available>
        <Visible>true</Visible>
        <Required>true</Required>
        <DefaultPath>/GL7GeneralLiabilityLine/GL7SublineType/GL7Deds/GL7LiquorDed</DefaultPath>
      </Version>
    </Column>
    <Column name="LiquorHeader">
      <Version>
        <Label>entity.GL7Location.LiquorHeader</Label>
        <WidgetType>Label</WidgetType>
        <EffectiveDate>2019-12-01</EffectiveDate>
        <Priority>380</Priority>
        <Editable>false</Editable>
        <Available>true</Available>
        <Visible>true</Visible>
        <Required>false</Required>
      </Version>
    </Column>
    <Column name="LiquorLiabTerr">
      <Version>
        <Label>entity.GL7Location.LiquorLiabTerr</Label>
        <WidgetType>Text</WidgetType>
        <EffectiveDate>2019-12-01</EffectiveDate>
        <Priority>750</Priority>
        <Editable>true</Editable>
        <Available>true</Available>
        <Visible>false</Visible>
        <Required>true</Required>
      </Version>
      <Version>
        <Jurisdiction>IA</Jurisdiction>
        <Label>entity.GL7Location.LiquorLiabTerr</Label>
        <WidgetType>Text</WidgetType>
        <EffectiveDate>2019-12-01</EffectiveDate>
        <Priority>750</Priority>
        <Editable>true</Editable>
        <Available>false</Available>
        <Visible>false</Visible>
        <Required>true</Required>
      </Version>
      <Version>
        <Jurisdiction>IL</Jurisdiction>
        <Label>entity.GL7Location.LiquorLiabTerr</Label>
        <WidgetType>Text</WidgetType>
        <EffectiveDate>2020-09-01</EffectiveDate>
        <Priority>750</Priority>
        <Editable>true</Editable>
        <Available>false</Available>
        <Visible>false</Visible>
        <Required>true</Required>
      </Version>
    </Column>
    <Column name="LiquorLiabTerritory">
      <Version>
        <Label>entity.GL7Location.LiquorLiabTerritory</Label>
        <WidgetType>Range</WidgetType>
        <EffectiveDate>2019-12-01</EffectiveDate>
        <Priority>800</Priority>
        <Editable>true</Editable>
        <Available>true</Available>
        <Visible>true</Visible>
        <Required>true</Required>
      </Version>
    </Column>
    <Column name="OwnersContractorsTerritory">
      <Version>
        <Label>entity.GL7Location.OwnersContractorsTerritory</Label>
        <WidgetType>Range</WidgetType>
        <EffectiveDate>2019-12-01</EffectiveDate>
        <Priority>900</Priority>
        <Editable>true</Editable>
        <Available>true</Available>
        <Visible>true</Visible>
        <Required>true</Required>
        <DefaultValue>999</DefaultValue>
      </Version>
    </Column>
    <Column name="PollutionTerritory">
      <Version>
        <Label>entity.GL7Location.PollutionTerritory</Label>
        <WidgetType>Range</WidgetType>
        <EffectiveDate>2019-12-01</EffectiveDate>
        <Priority>950</Priority>
        <Editable>true</Editable>
        <Available>true</Available>
        <Visible>true</Visible>
        <Required>true</Required>
        <DefaultValue>999</DefaultValue>
      </Version>
    </Column>
    <Column name="PremOpsBIDeductible">
      <Version>
        <Label>entity.GL7Location.PremOpsBIDeductible</Label>
        <WidgetType>Range</WidgetType>
        <EffectiveDate>2019-12-01</EffectiveDate>
        <Priority>320</Priority>
        <Editable>true</Editable>
        <Available>true</Available>
        <Visible>true</Visible>
        <Required>true</Required>
        <DefaultPath>/GL7GeneralLiabilityLine/GL7SublineType/GL7Deds/GL7PremOpsBIDed</DefaultPath>
      </Version>
    </Column>
    <Column name="PremOpsBIPDDeductible">
      <Version>
        <Label>entity.GL7Location.PremOpsBIPDDeductible</Label>
        <WidgetType>Range</WidgetType>
        <EffectiveDate>2019-12-01</EffectiveDate>
        <Priority>330</Priority>
        <Editable>true</Editable>
        <Available>true</Available>
        <Visible>true</Visible>
        <Required>true</Required>
        <DefaultPath>/GL7GeneralLiabilityLine/GL7SublineType/GL7Deds/GL7PremOpsBIPDDed</DefaultPath>
      </Version>
    </Column>
    <Column name="PremOpsPDDeductible">
      <Version>
        <Label>entity.GL7Location.PremOpsPDDeductible</Label>
        <WidgetType>Range</WidgetType>
        <EffectiveDate>2019-12-01</EffectiveDate>
        <Priority>325</Priority>
        <Editable>true</Editable>
        <Available>true</Available>
        <Visible>true</Visible>
        <Required>true</Required>
        <DefaultPath>/GL7GeneralLiabilityLine/GL7SublineType/GL7Deds/GL7PremOpsPDDed</DefaultPath>
      </Version>
    </Column>
    <Column name="PremisesHeader">
      <Version>
        <Label>entity.GL7Location.PremisesHeader</Label>
        <WidgetType>Label</WidgetType>
        <EffectiveDate>2019-12-01</EffectiveDate>
        <Priority>315</Priority>
        <Editable>false</Editable>
        <Available>true</Available>
        <Visible>true</Visible>
        <Required>false</Required>
      </Version>
    </Column>
    <Column name="PremisesOperationsTerr">
      <Version>
        <Label>entity.GL7Location.PremisesOperationsTerr</Label>
        <WidgetType>Text</WidgetType>
        <EffectiveDate>2019-12-01</EffectiveDate>
        <Priority>550</Priority>
        <Editable>true</Editable>
        <Available>true</Available>
        <Visible>false</Visible>
        <Required>true</Required>
      </Version>
      <Version>
        <Jurisdiction>IA</Jurisdiction>
        <Label>entity.GL7Location.PremisesOperationsTerr</Label>
        <WidgetType>Text</WidgetType>
        <EffectiveDate>2019-12-01</EffectiveDate>
        <Priority>550</Priority>
        <Editable>true</Editable>
        <Available>false</Available>
        <Visible>false</Visible>
        <Required>true</Required>
      </Version>
      <Version>
        <Jurisdiction>IL</Jurisdiction>
        <Label>entity.GL7Location.PremisesOperationsTerr</Label>
        <WidgetType>Text</WidgetType>
        <EffectiveDate>2020-09-01</EffectiveDate>
        <Priority>550</Priority>
        <Editable>true</Editable>
        <Available>false</Available>
        <Visible>false</Visible>
        <Required>true</Required>
      </Version>
    </Column>
    <Column name="PremisesOperationsTerritory">
      <Version>
        <Label>entity.GL7Location.PremisesOperationsTerritory</Label>
        <WidgetType>Range</WidgetType>
        <EffectiveDate>2019-12-01</EffectiveDate>
        <Priority>600</Priority>
        <Editable>true</Editable>
        <Available>true</Available>
        <Visible>true</Visible>
        <Required>true</Required>
      </Version>
    </Column>
    <Column name="ProdsCompldOpsBIDeductible">
      <Version>
        <Label>entity.GL7Location.ProdsCompldOpsBIDeductible</Label>
        <WidgetType>Range</WidgetType>
        <EffectiveDate>2019-12-01</EffectiveDate>
        <Priority>345</Priority>
        <Editable>true</Editable>
        <Available>true</Available>
        <Visible>true</Visible>
        <Required>true</Required>
        <DefaultPath>/GL7GeneralLiabilityLine/GL7SublineType/GL7Deds/GL7ProdsCompldOpsBIDed</DefaultPath>
      </Version>
    </Column>
    <Column name="ProdsCompldOpsBIPDDeductible">
      <Version>
        <Label>entity.GL7Location.ProdsCompldOpsBIPDDeductible</Label>
        <WidgetType>Range</WidgetType>
        <EffectiveDate>2019-12-01</EffectiveDate>
        <Priority>355</Priority>
        <Editable>true</Editable>
        <Available>true</Available>
        <Visible>true</Visible>
        <Required>true</Required>
        <DefaultPath>/GL7GeneralLiabilityLine/GL7SublineType/GL7Deds/GL7ProdsCompldOpsBIPDDed</DefaultPath>
      </Version>
    </Column>
    <Column name="ProdsCompldOpsPDDeductible">
      <Version>
        <Label>entity.GL7Location.ProdsCompldOpsPDDeductible</Label>
        <WidgetType>Range</WidgetType>
        <EffectiveDate>2019-12-01</EffectiveDate>
        <Priority>350</Priority>
        <Editable>true</Editable>
        <Available>true</Available>
        <Visible>true</Visible>
        <Required>true</Required>
        <DefaultPath>/GL7GeneralLiabilityLine/GL7SublineType/GL7Deds/GL7ProdsCompldOpsPDDed</DefaultPath>
      </Version>
    </Column>
    <Column name="ProdsCompldOpsTerritory">
      <Version>
        <Label>entity.GL7Location.ProdsCompldOpsTerritory</Label>
        <WidgetType>Range</WidgetType>
        <EffectiveDate>2019-12-01</EffectiveDate>
        <Priority>700</Priority>
        <Editable>true</Editable>
        <Available>true</Available>
        <Visible>true</Visible>
        <Required>true</Required>
        <DefaultValue>999</DefaultValue>
      </Version>
    </Column>
    <Column name="ProductWithdrawalDeductible">
      <Version>
        <Label>entity.GL7Location.ProductWithdrawalDeductible</Label>
        <WidgetType>Range</WidgetType>
        <EffectiveDate>2019-12-01</EffectiveDate>
        <Priority>370</Priority>
        <Editable>true</Editable>
        <Available>true</Available>
        <Visible>true</Visible>
        <Required>true</Required>
        <DefaultPath>/GL7GeneralLiabilityLine/GL7SublineType/GL7Deds/GL7ProductWithdrawalDed</DefaultPath>
      </Version>
    </Column>
    <Column name="ProductWithdrawalHeader">
      <Version>
        <Label>entity.GL7Location.ProductWithdrawalHeader</Label>
        <WidgetType>Label</WidgetType>
        <EffectiveDate>2019-12-01</EffectiveDate>
        <Priority>365</Priority>
        <Editable>false</Editable>
        <Available>true</Available>
        <Visible>true</Visible>
        <Required>false</Required>
      </Version>
    </Column>
    <Column name="ProductsHeader">
      <Version>
        <Label>entity.GL7Location.ProductsHeader</Label>
        <WidgetType>Label</WidgetType>
        <EffectiveDate>2019-12-01</EffectiveDate>
        <Priority>340</Priority>
        <Editable>false</Editable>
        <Available>true</Available>
        <Visible>true</Visible>
        <Required>false</Required>
      </Version>
    </Column>
    <Column name="RailroadTerritory">
      <Version>
        <Label>entity.GL7Location.RailroadTerritory</Label>
        <WidgetType>Range</WidgetType>
        <EffectiveDate>2019-12-01</EffectiveDate>
        <Priority>1000</Priority>
        <Editable>true</Editable>
        <Available>true</Available>
        <Visible>true</Visible>
        <Required>true</Required>
        <DefaultValue>999</DefaultValue>
      </Version>
    </Column>
    <Column name="TerritoryHeader">
      <Version>
        <Label>entity.GL7Location.TerritoryHeader</Label>
        <WidgetType>Label</WidgetType>
        <EffectiveDate>2019-12-01</EffectiveDate>
        <Priority>500</Priority>
        <Editable>false</Editable>
        <Available>true</Available>
        <Visible>true</Visible>
        <Required>false</Required>
      </Version>
    </Column>
    <Column name="ZipCode">
      <Version>
        <Label>entity.GL7Location.ZipCode</Label>
        <WidgetType>Range</WidgetType>
        <EffectiveDate>2019-12-01</EffectiveDate>
        <Priority>300</Priority>
        <Editable>true</Editable>
        <Available>true</Available>
        <Visible>false</Visible>
        <Required>true</Required>
      </Version>
    </Column>
    <Column name="ZipCodeOverride">
      <Version>
        <Label>entity.GL7Location.ZipCodeOverride</Label>
        <WidgetType>Text</WidgetType>
        <EffectiveDate>2019-12-01</EffectiveDate>
        <Priority>310</Priority>
        <Editable>true</Editable>
        <Available>true</Available>
        <Visible>true</Visible>
        <Required>false</Required>
      </Version>
    </Column>
    <Column name="TerrorismTerritory">
      <Version>
        <Jurisdiction>IL</Jurisdiction>
        <Label>Web.Policy.GL7.GL7Location.TerrorismTerritory.IL</Label>
        <WidgetType>Range</WidgetType>
        <EffectiveDate>2020-09-01</EffectiveDate>
        <Priority>1100</Priority>
        <Editable>true</Editable>
        <Available>true</Available>
        <Visible>true</Visible>
        <Required>true</Required>
      </Version>
    </Column>
  </Entity>
</LobFieldMeta>