<?xml version="1.0"?>
<Systables xsi:noNamespaceSchemaLocation="systables.xsd" xmlns:xsi="http://www.w3.org/2001/XMLSchema-instance">
  <FileDefinition Name="bop_class_codes.xml" Priority="1">
    <Entity Type="BOPClassCode" Verifier="gw.systables.verifier.BOPClassCodeVerifier"/>
    <Dependency Name="class_code_basis.xml">
      <Entity Type="ClassCodeBasis"/>
    </Dependency>
  </FileDefinition>
  <FileDefinition Name="cancel_refund.xml" Priority="0">
    <Entity Type="CancelRefund" Verifier="gw.systables.verifier.CancelRefundVerifier"/>
  </FileDefinition>
  <FileDefinition Name="class_code_basis.xml" Priority="0">
    <Entity Type="ClassCodeBasis" Verifier="gw.systables.verifier.ClassCodeBasisVerifier"/>
  </FileDefinition>
  <FileDefinition Name="cp_class_codes.xml" Priority="1">
    <Entity Type="CPClassCode" Verifier="gw.systables.verifier.CPClassCodeVerifier"/>
  </FileDefinition>
  <FileDefinition Name="custom_form_inference.xml" Priority="0">
    <Entity Type="CustomFormInference" Verifier="gw.systables.verifier.CustomFormInferenceVerifier"/>
  </FileDefinition>
  <FileDefinition Name="gl_class_codes.xml" Priority="1">
    <Entity Type="GLClassCode" Verifier="gw.systables.verifier.GLClassCodeVerifier"/>
    <Dependency Name="class_code_basis.xml">
      <Entity Type="ClassCodeBasis"/>
    </Dependency>
  </FileDefinition>
  <FileDefinition Name="industry_code_class_code.xml" Priority="2">
    <Entity Type="IndustryCodeClassCode"/>
    <Dependency Name="bop_class_codes.xml">
      <Entity Type="BOPClassCode"/>
    </Dependency>
    <Dependency Name="industry_codes.xml">
      <Entity Type="IndustryCode"/>
    </Dependency>
  </FileDefinition>
  <FileDefinition Name="industry_codes.xml" Priority="0">
    <Entity Type="IndustryCode" Verifier="gw.systables.verifier.IndustryCodeVerifier"/>
  </FileDefinition>
  <FileDefinition Name="notification_configs.xml" Priority="0">
    <Entity Type="NotificationConfig" Verifier="gw.systables.verifier.NotificationConfigVerifier"/>
  </FileDefinition>
  <FileDefinition Name="official_id_validation_info.xml" Priority="0">
    <Entity Type="OfficialIDValidationInfo" Verifier="gw.systables.verifier.OfficialIdValidationInfoVerifier"/>
  </FileDefinition>
  <FileDefinition Name="rates_general_liability.xml" Priority="0">
    <Entity Type="RateGLClassCodeExt" Verifier="gw.systables.verifier.RateGLClassCodeExtVerifier"/>
  </FileDefinition>
  <FileDefinition Name="rates_workers_comp.xml" Priority="0">
    <Entity Type="RateWCClassCodeExt" Verifier="gw.systables.verifier.RateWCClassCodeExtVerifier"/>
  </FileDefinition>
  <FileDefinition Name="rating_adj_factors.xml" Priority="0">
    <Entity Type="RateAdjFactorExt" Verifier="gw.systables.verifier.RateAdjFactorExtVerifier"/>
  </FileDefinition>
  <FileDefinition Name="reference_date_types_by_state.xml" Priority="0">
    <Entity Type="RefDateTypeLookup" Verifier="gw.systables.verifier.ReferenceDateTypesByStateVerifier">
      <Column Name="Availability" Visible="false"/>
      <Column Name="LookupTableCode" Visible="false"/>
    </Entity>
  </FileDefinition>
  <FileDefinition Name="risk_classes.xml" Priority="0">
    <Entity Type="RiskClass"/>
  </FileDefinition>
  <FileDefinition Name="short_ratefactors.xml" Priority="0">
    <Entity Type="ShortRateFactorExt" Verifier="gw.systables.verifier.ShortRateFactorExtVerifier"/>
  </FileDefinition>
  <FileDefinition Name="tax_locations.xml" Priority="0">
    <Entity Type="TaxLocation" Verifier="gw.systables.verifier.TaxLocationVerifier"/>
  </FileDefinition>
  <FileDefinition Name="territory_codes.xml" Priority="0">
    <Entity Type="DBTerritory" Verifier="gw.systables.verifier.TerritoryCodeVerifier"/>
  </FileDefinition>
  <FileDefinition Name="underwriting_companies.xml" Priority="0">
    <Entity Type="UWCompany" Verifier="gw.systables.verifier.UWCompanyVerifier"/>
    <Entity Type="LicensedState" Verifier="gw.systables.verifier.LicensedStateVerifier"/>
  </FileDefinition>
  <FileDefinition Name="vehicle_class_codes.xml" Priority="0">
    <Entity Type="VehicleClassCode" Verifier="gw.systables.verifier.VehicleClassCodeVerifier"/>
  </FileDefinition>
  <FileDefinition Name="vehicle_industry_codes.xml" Priority="0">
    <Entity Type="VehicleIndustryCode" Verifier="gw.systables.verifier.VehicleIndustryCodeVerifier"/>
  </FileDefinition>
  <FileDefinition Name="wc_class_codes.xml" Priority="1">
    <Entity Type="WCClassCode" Verifier="gw.systables.verifier.WCClassCodeVerifier"/>
    <Dependency Name="class_code_basis.xml">
      <Entity Type="ClassCodeBasis"/>
    </Dependency>
  </FileDefinition>
  <FileDefinition Name="wc_ratingsteps.xml" Priority="0">
    <Entity Type="WCRatingStepExt" Verifier="gw.systables.verifier.WCRatingStepExtVerifier"/>
  </FileDefinition>
  <FileDefinition Name="workers_comp_federal_liability_class_codes.xml" Priority="2">
    <Entity Type="WCFedLiabClassCode"/>
    <Dependency Name="wc_class_codes.xml">
      <Entity Type="WCClassCode"/>
    </Dependency>
  </FileDefinition>
  <FileDefinition Name="reasoncode_actiontype.xml" Priority="0">
    <Entity Type="ReasonCodeActionType" Verifier="gw.systables.verifier.ReasonCodeActionTypeVerifier"/>
  </FileDefinition>
  <FileDefinition Name="motor_vehicle_record_configs.xml" Priority="2">
    <Entity Type="MVRConfig"/>
  </FileDefinition>
  <FileDefinition Name="rtm_matchop_defs.xml" Priority="0">
    <Entity Type="RateTableMatchOpDefinition" Verifier="gw.systables.verifier.RateTableMatchOpDefinitionVerifier"/>
  </FileDefinition>
  <FileDefinition Name="coastal_exposure_counties.xml" Priority="0">
    <Entity Type="CoastalExposureCounty"/>
  </FileDefinition>
  <FileDefinition Name="high_exposure_vehicles.xml" Priority="0">
    <Entity Type="HighExposureVehicle"/>
  </FileDefinition>
  <FileDefinition Name="ineligible_dog_breeds.xml" Priority="0">
    <Entity Type="IneligibleDogBreed"/>
  </FileDefinition>
  <FileDefinition Name="unacceptable_fire_protection_scores.xml" Priority="0">
    <Entity Type="UnacceptableFireProtectionScore"/>
  </FileDefinition>
  <FileDefinition Name="uw_intervention_classification_codes.xml" Priority="0">
    <Entity Type="UWInterventionClassificationCode"/>
  </FileDefinition>
  <FileDefinition Name="costcode_ext.xml" Priority="0">
    <Entity Type="CostCode"/>
  </FileDefinition>
  <FileDefinition Name="apd_perils.xml" Priority="0">
    <Entity Type="APDPeril"/>
  </FileDefinition>
  <FileDefinition Name="apd_claimcostcategory.xml" Priority="0">
    <Entity Type="APDClaimCostCategory"/>
  </FileDefinition>
  <FileDefinition Name="bop_class_codes.xml" Priority="1">
    <Entity Type="BOPClassCode" Verifier="gw.systables.verifier.BOPClassCodeVerifier"/>
    <Dependency Name="class_code_basis.xml">
      <Entity Type="ClassCodeBasis"/>
    </Dependency>
  </FileDefinition>
  <FileDefinition Name="cancel_refund.xml" Priority="0">
    <Entity Type="CancelRefund" Verifier="gw.systables.verifier.CancelRefundVerifier"/>
  </FileDefinition>
  <FileDefinition Name="class_code_basis.xml" Priority="0">
    <Entity Type="ClassCodeBasis" Verifier="gw.systables.verifier.ClassCodeBasisVerifier"/>
  </FileDefinition>
  <FileDefinition Name="cp_class_codes.xml" Priority="1">
    <Entity Type="CPClassCode" Verifier="gw.systables.verifier.CPClassCodeVerifier"/>
  </FileDefinition>
  <FileDefinition Name="custom_form_inference.xml" Priority="0">
    <Entity Type="CustomFormInference" Verifier="gw.systables.verifier.CustomFormInferenceVerifier"/>
  </FileDefinition>
  <FileDefinition Name="gl_class_codes.xml" Priority="1">
    <Entity Type="GLClassCode" Verifier="gw.systables.verifier.GLClassCodeVerifier"/>
    <Dependency Name="class_code_basis.xml">
      <Entity Type="ClassCodeBasis"/>
    </Dependency>
  </FileDefinition>
  <FileDefinition Name="industry_code_class_code.xml" Priority="2">
    <Entity Type="IndustryCodeClassCode"/>
    <Dependency Name="bop_class_codes.xml">
      <Entity Type="BOPClassCode"/>
    </Dependency>
    <Dependency Name="industry_codes.xml">
      <Entity Type="IndustryCode"/>
    </Dependency>
  </FileDefinition>
  <FileDefinition Name="industry_codes.xml" Priority="0">
    <Entity Type="IndustryCode" Verifier="gw.systables.verifier.IndustryCodeVerifier"/>
  </FileDefinition>
  <FileDefinition Name="notification_configs.xml" Priority="0">
    <Entity Type="NotificationConfig" Verifier="gw.systables.verifier.NotificationConfigVerifier"/>
  </FileDefinition>
  <FileDefinition Name="official_id_validation_info.xml" Priority="0">
    <Entity Type="OfficialIDValidationInfo" Verifier="gw.systables.verifier.OfficialIdValidationInfoVerifier"/>
  </FileDefinition>
  <FileDefinition Name="rates_general_liability.xml" Priority="0">
    <Entity Type="RateGLClassCodeExt" Verifier="gw.systables.verifier.RateGLClassCodeExtVerifier"/>
  </FileDefinition>
  <FileDefinition Name="rates_workers_comp.xml" Priority="0">
    <Entity Type="RateWCClassCodeExt" Verifier="gw.systables.verifier.RateWCClassCodeExtVerifier"/>
  </FileDefinition>
  <FileDefinition Name="rating_adj_factors.xml" Priority="0">
    <Entity Type="RateAdjFactorExt" Verifier="gw.systables.verifier.RateAdjFactorExtVerifier"/>
  </FileDefinition>
  <FileDefinition Name="reference_date_types_by_state.xml" Priority="0">
    <Entity Type="RefDateTypeLookup" Verifier="gw.systables.verifier.ReferenceDateTypesByStateVerifier">
      <Column Name="Availability" Visible="false"/>
      <Column Name="LookupTableCode" Visible="false"/>
    </Entity>
  </FileDefinition>
  <FileDefinition Name="risk_classes.xml" Priority="0">
    <Entity Type="RiskClass"/>
  </FileDefinition>
  <FileDefinition Name="short_ratefactors.xml" Priority="0">
    <Entity Type="ShortRateFactorExt" Verifier="gw.systables.verifier.ShortRateFactorExtVerifier"/>
  </FileDefinition>
  <FileDefinition Name="tax_locations.xml" Priority="0">
    <Entity Type="TaxLocation" Verifier="gw.systables.verifier.TaxLocationVerifier"/>
  </FileDefinition>
  <FileDefinition Name="territory_codes.xml" Priority="0">
    <Entity Type="DBTerritory" Verifier="gw.systables.verifier.TerritoryCodeVerifier"/>
  </FileDefinition>
  <FileDefinition Name="underwriting_companies.xml" Priority="0">
    <Entity Type="UWCompany" Verifier="gw.systables.verifier.UWCompanyVerifier"/>
    <Entity Type="LicensedState" Verifier="gw.systables.verifier.LicensedStateVerifier"/>
  </FileDefinition>
  <FileDefinition Name="vehicle_class_codes.xml" Priority="0">
    <Entity Type="VehicleClassCode" Verifier="gw.systables.verifier.VehicleClassCodeVerifier"/>
  </FileDefinition>
  <FileDefinition Name="vehicle_industry_codes.xml" Priority="0">
    <Entity Type="VehicleIndustryCode" Verifier="gw.systables.verifier.VehicleIndustryCodeVerifier"/>
  </FileDefinition>
  <FileDefinition Name="wc_class_codes.xml" Priority="1">
    <Entity Type="WCClassCode" Verifier="gw.systables.verifier.WCClassCodeVerifier"/>
    <Dependency Name="class_code_basis.xml">
      <Entity Type="ClassCodeBasis"/>
    </Dependency>
  </FileDefinition>
  <FileDefinition Name="wc_ratingsteps.xml" Priority="0">
    <Entity Type="WCRatingStepExt" Verifier="gw.systables.verifier.WCRatingStepExtVerifier"/>
  </FileDefinition>
  <FileDefinition Name="workers_comp_federal_liability_class_codes.xml" Priority="2">
    <Entity Type="WCFedLiabClassCode"/>
    <Dependency Name="wc_class_codes.xml">
      <Entity Type="WCClassCode"/>
    </Dependency>
  </FileDefinition>
  <FileDefinition Name="reasoncode_actiontype.xml" Priority="0">
    <Entity Type="ReasonCodeActionType" Verifier="gw.systables.verifier.ReasonCodeActionTypeVerifier"/>
  </FileDefinition>
  <FileDefinition Name="motor_vehicle_record_configs.xml" Priority="2">
    <Entity Type="MVRConfig"/>
  </FileDefinition>
  <FileDefinition Name="rtm_matchop_defs.xml" Priority="0">
    <Entity Type="RateTableMatchOpDefinition" Verifier="gw.systables.verifier.RateTableMatchOpDefinitionVerifier"/>
  </FileDefinition>
  <FileDefinition Name="gl7_rating_basis_type.xml" Priority="0">
    <Entity Type="GL7RatingBasisType"/>
  </FileDefinition>
  <FileDefinition Name="gl7_product_withdrawal_expenses_and_liability_incrd_limit_factor_rt.xml" Priority="0">
    <Entity Type="GL7ProductWithdrawalExpen"/>
  </FileDefinition>
  <FileDefinition Name="gl7_owners_contractors_elprt.xml" Priority="0">
    <Entity Type="GL7OwnersContractorsELPRT"/>
  </FileDefinition>
  <FileDefinition Name="gl7_injury_suprvsr_inspctrs_other_emps_cov.xml" Priority="0">
    <Entity Type="GL7InjurySuprvsrInspctrsO"/>
  </FileDefinition>
  <FileDefinition Name="gl7_owners_contractors_class_description_by_class_code.xml" Priority="0">
    <Entity Type="GL7OwnersContractorsClas9"/>
  </FileDefinition>
  <FileDefinition Name="gl7_unmanned_aircraft_level_of_certification.xml" Priority="0">
    <Entity Type="GL7UnmannedAircraftLevelO"/>
  </FileDefinition>
  <FileDefinition Name="gl7_premium_basis_pollution_class_code.xml" Priority="0">
    <Entity Type="GL7PremiumBasisPollutionC"/>
  </FileDefinition>
  <FileDefinition Name="gl7_coverage_form.xml" Priority="0">
    <Entity Type="GL7CoverageForm"/>
  </FileDefinition>
  <FileDefinition Name="gl7_liquor_elprt.xml" Priority="0">
    <Entity Type="GL7LiquorELPRT"/>
  </FileDefinition>
  <FileDefinition Name="gl7_product_withdrawal_lcmrt.xml" Priority="0">
    <Entity Type="GL7ProductWithdrawalLCMRT"/>
  </FileDefinition>
  <FileDefinition Name="gl7_railroad_terr.xml" Priority="0">
    <Entity Type="GL7RailroadTerr"/>
  </FileDefinition>
  <FileDefinition Name="gl7_ded_factor_prods_birt.xml" Priority="0">
    <Entity Type="GL7DedFactorProdsBIRT"/>
  </FileDefinition>
  <FileDefinition Name="gl7_premium_basis_edl_class_code.xml" Priority="0">
    <Entity Type="GL7PremiumBasisEDLClassCo"/>
  </FileDefinition>
  <FileDefinition Name="gl7_product_coverage.xml" Priority="0">
    <Entity Type="GL7ProductCoverage"/>
  </FileDefinition>
  <FileDefinition Name="gl7_schedule_rating_modification_premises_pct.xml" Priority="0">
    <Entity Type="GL7ScheduleRatingModific7"/>
  </FileDefinition>
  <FileDefinition Name="gl7_num_passgr_freight_trains.xml" Priority="0">
    <Entity Type="GL7NumPassgrFreightTrains"/>
  </FileDefinition>
  <FileDefinition Name="gl7_prem_ops_lcmrt.xml" Priority="0">
    <Entity Type="GL7PremOpsLCMRT"/>
  </FileDefinition>
  <FileDefinition Name="gl7_deductible_liquor.xml" Priority="0">
    <Entity Type="GL7DeductibleLiquor"/>
  </FileDefinition>
  <FileDefinition Name="gl7_unmanned_aircraft_primary_place_of_operation.xml" Priority="0">
    <Entity Type="GL7UnmannedAircraftPrimar"/>
  </FileDefinition>
  <FileDefinition Name="gl7_base_elprrrt.xml" Priority="0">
    <Entity Type="GL7BaseELPRRRT"/>
  </FileDefinition>
  <FileDefinition Name="gl7_schedule_rating_modification_cooperation_safety_program_pct.xml" Priority="0">
    <Entity Type="GL7ScheduleRatingModific2"/>
  </FileDefinition>
  <FileDefinition Name="gl7_pollution_terr.xml" Priority="0">
    <Entity Type="GL7PollutionTerr"/>
  </FileDefinition>
  <FileDefinition Name="gl7_class_description_by_class_code_liquor.xml" Priority="0">
    <Entity Type="GL7ClassDescriptionByCla9"/>
  </FileDefinition>
  <FileDefinition Name="gl7_unmanned_aircraft_model.xml" Priority="0">
    <Entity Type="GL7UnmannedAircraftModel"/>
  </FileDefinition>
  <FileDefinition Name="gl7_schedule_rating_modification_location_exposure_outside_premises_pct.xml" Priority="0">
    <Entity Type="GL7ScheduleRatingModific6"/>
  </FileDefinition>
  <FileDefinition Name="gl7_ded_factor_prem_ops_birt.xml" Priority="0">
    <Entity Type="GL7DedFactorPremOpsBIRT"/>
  </FileDefinition>
  <FileDefinition Name="gl7_bring_your_own_alcohol_exclusion_factor_rt.xml" Priority="0">
    <Entity Type="GL7BringYourOwnAlcoholExc"/>
  </FileDefinition>
  <FileDefinition Name="gl7_policy_adjustment_factor_crt.xml" Priority="0">
    <Entity Type="GL7PolicyAdjustmentFacto1"/>
  </FileDefinition>
  <FileDefinition Name="gl7_governmental_subdivision_yes_no.xml" Priority="0">
    <Entity Type="GL7GovernmentalSubdivisio"/>
  </FileDefinition>
  <FileDefinition Name="gl7_prods_compld_ops_elp_text_rt.xml" Priority="0">
    <Entity Type="GL7ProdsCompldOpsELPTextR"/>
  </FileDefinition>
  <FileDefinition Name="gl7_edl_class_code_for_class_description.xml" Priority="0">
    <Entity Type="GL7EDLClassCodeForClassDe"/>
  </FileDefinition>
  <FileDefinition Name="gl7_expected_loss_ratio_rt.xml" Priority="0">
    <Entity Type="GL7ExpectedLossRatioRT"/>
  </FileDefinition>
  <FileDefinition Name="gl7_ust_class_description_by_class_code.xml" Priority="0">
    <Entity Type="GL7USTClassDescriptionByC"/>
  </FileDefinition>
  <FileDefinition Name="gl7_ded_factor_prods_pdrt.xml" Priority="0">
    <Entity Type="GL7DedFactorProdsPDRT"/>
  </FileDefinition>
  <FileDefinition Name="gl7_pollution_class_code_for_class_description.xml" Priority="0">
    <Entity Type="GL7PollutionClassCodeForC"/>
  </FileDefinition>
  <FileDefinition Name="gl7_unmanned_aircraft_aggregate_limit.xml" Priority="0">
    <Entity Type="GL7UnmannedAircraftAggreg"/>
  </FileDefinition>
  <FileDefinition Name="gl7_subline_value.xml" Priority="0">
    <Entity Type="GL7SublineValue"/>
  </FileDefinition>
  <FileDefinition Name="gl7_class_code_for_class_description.xml" Priority="0">
    <Entity Type="GL7ClassCodeForClassDesc9"/>
  </FileDefinition>
  <FileDefinition Name="gl7_railroad_elprt.xml" Priority="0">
    <Entity Type="GL7RailroadELPRT"/>
  </FileDefinition>
  <FileDefinition Name="gl7_schedule_rating_maximum_debit_rt.xml" Priority="0">
    <Entity Type="GL7ScheduleRatingMaximumD"/>
  </FileDefinition>
  <FileDefinition Name="gl7_premium_basis_prods_compld_ops_class_code.xml" Priority="0">
    <Entity Type="GL7PremiumBasisProdsCompl"/>
  </FileDefinition>
  <FileDefinition Name="gl7_schedule_type.xml" Priority="0">
    <Entity Type="GL7ScheduleType"/>
  </FileDefinition>
  <FileDefinition Name="gl7_schedule_rating_modification_classification_pct.xml" Priority="0">
    <Entity Type="GL7ScheduleRatingModifica"/>
  </FileDefinition>
  <FileDefinition Name="gl7_exclusion.xml" Priority="0">
    <Entity Type="GL7Exclusion"/>
  </FileDefinition>
  <FileDefinition Name="gl7_unmanned_aircraft_operator_years_of_experience.xml" Priority="0">
    <Entity Type="GL7UnmannedAircraftOperat"/>
  </FileDefinition>
  <FileDefinition Name="gl7_detrend_factor_5_crt.xml" Priority="0">
    <Entity Type="GL7DetrendFactor5CRT"/>
  </FileDefinition>
  <FileDefinition Name="gl7_premium_basis_ust_class_code.xml" Priority="0">
    <Entity Type="GL7PremiumBasisUSTClassCo"/>
  </FileDefinition>
  <FileDefinition Name="gl7_liquor_elp_text_rt.xml" Priority="0">
    <Entity Type="GL7LiquorELPTextRT"/>
  </FileDefinition>
  <FileDefinition Name="gl7_prem_ops_elprt.xml" Priority="0">
    <Entity Type="GL7PremOpsELPRT"/>
  </FileDefinition>
  <FileDefinition Name="gl7_unmanned_aircraft_ownership_and_operation.xml" Priority="0">
    <Entity Type="GL7UnmannedAircraftOwners"/>
  </FileDefinition>
  <FileDefinition Name="gl7_owners_contractors_class_code_for_class_description.xml" Priority="0">
    <Entity Type="GL7OwnersContractorsClass"/>
  </FileDefinition>
  <FileDefinition Name="gl7_percentage_conversion_rt.xml" Priority="0">
    <Entity Type="GL7PercentageConversionRT"/>
  </FileDefinition>
  <FileDefinition Name="gl7_prods_compld_ops_lcmrt.xml" Priority="0">
    <Entity Type="GL7ProdsCompldOpsLCMRT"/>
  </FileDefinition>
  <FileDefinition Name="gl7_prods_compld_ops_aggregate_limit.xml" Priority="0">
    <Entity Type="GL7ProdsCompldOpsAggregat"/>
  </FileDefinition>
  <FileDefinition Name="gl7_schedule_rating_modification_location_exposure_inside_premises_pct.xml" Priority="0">
    <Entity Type="GL7ScheduleRatingModific5"/>
  </FileDefinition>
  <FileDefinition Name="gl7_premium_basis_liquor_class_code.xml" Priority="0">
    <Entity Type="GL7PremiumBasisLiquorClas"/>
  </FileDefinition>
  <FileDefinition Name="gl7_railroad_class_code_for_class_description.xml" Priority="0">
    <Entity Type="GL7RailroadClassCodeForCl"/>
  </FileDefinition>
  <FileDefinition Name="gl7_coverage_form_claims_made.xml" Priority="0">
    <Entity Type="GL7CoverageFormClaimsMade"/>
  </FileDefinition>
  <FileDefinition Name="gl7_class_description_by_class_codes.xml" Priority="0">
    <Entity Type="GL7ClassDescriptionByClas"/>
  </FileDefinition>
  <FileDefinition Name="gl7_increased_limits_table_assignment_prem_ops_override.xml" Priority="0">
    <Entity Type="GL7IncreasedLimitsTableAs"/>
  </FileDefinition>
  <FileDefinition Name="gl7_class_code_for_class_description_liquor.xml" Priority="0">
    <Entity Type="GL7ClassCodeForClassDescr"/>
  </FileDefinition>
  <FileDefinition Name="gl7_credibility_factor_rt.xml" Priority="0">
    <Entity Type="GL7CredibilityFactorRT"/>
  </FileDefinition>
  <FileDefinition Name="gl7_ust_class_code_for_class_description.xml" Priority="0">
    <Entity Type="GL7USTClassCodeForClassDe"/>
  </FileDefinition>
  <FileDefinition Name="gl7_general_aggregate_limit.xml" Priority="0">
    <Entity Type="GL7GeneralAggregateLimit"/>
  </FileDefinition>
  <FileDefinition Name="gl7_aggregate_limit_pollution.xml" Priority="0">
    <Entity Type="GL7AggregateLimitPollutio"/>
  </FileDefinition>
  <FileDefinition Name="gl7_prods_compld_ops_loss_cost_rt.xml" Priority="0">
    <Entity Type="GL7ProdsCompldOpsLossCost"/>
  </FileDefinition>
  <FileDefinition Name="gl7_owners_contractors_elp_text_rt.xml" Priority="0">
    <Entity Type="GL7OwnersContractorsELPTe"/>
  </FileDefinition>
  <FileDefinition Name="gl7_product_withdrawal_coverage_type.xml" Priority="0">
    <Entity Type="GL7ProductWithdrawalCover"/>
  </FileDefinition>
  <FileDefinition Name="gl7_product_withdrawl_factor_rt.xml" Priority="0">
    <Entity Type="GL7ProductWithdrawlFactor"/>
  </FileDefinition>
  <FileDefinition Name="gl7_ded_factor_prem_ops_pdrt.xml" Priority="0">
    <Entity Type="GL7DedFactorPremOpsPDRT"/>
  </FileDefinition>
  <FileDefinition Name="gl7_products_compld_ops_cov.xml" Priority="0">
    <Entity Type="GL7ProductsCompldOpsCov"/>
  </FileDefinition>
  <FileDefinition Name="gl7_policy_adjustment_factor_brt.xml" Priority="0">
    <Entity Type="GL7PolicyAdjustmentFactor"/>
  </FileDefinition>
  <FileDefinition Name="gl7_act.xml" Priority="0">
    <Entity Type="GL7Act"/>
  </FileDefinition>
  <FileDefinition Name="gl7_years_of_experience_incurred.xml" Priority="0">
    <Entity Type="GL7YearsOfExperienceIncur"/>
  </FileDefinition>
  <FileDefinition Name="gl7_coverage_form_occurrence.xml" Priority="0">
    <Entity Type="GL7CoverageFormOccurrence"/>
  </FileDefinition>
  <FileDefinition Name="gl7_aggregate_limit_liquor.xml" Priority="0">
    <Entity Type="GL7AggregateLimitLiquor"/>
  </FileDefinition>
  <FileDefinition Name="gl7_prem_ops_loss_cost_rt.xml" Priority="0">
    <Entity Type="GL7PremOpsLossCostRT"/>
  </FileDefinition>
  <FileDefinition Name="gl7_schedule_rating_modification_equipment_pct.xml" Priority="0">
    <Entity Type="GL7ScheduleRatingModific4"/>
  </FileDefinition>
  <FileDefinition Name="gl7_schedule_rating_maximum_credit_rt.xml" Priority="0">
    <Entity Type="GL7ScheduleRatingMaximumC"/>
  </FileDefinition>
  <FileDefinition Name="gl7_premium_basis_rr_class_code.xml" Priority="0">
    <Entity Type="GL7PremiumBasisRRClassCod"/>
  </FileDefinition>
  <FileDefinition Name="gl7_zip_code.xml" Priority="0">
    <Entity Type="GL7ZipCode"/>
  </FileDefinition>
  <FileDefinition Name="gl7_ded_factor_prem_ops_cslrt.xml" Priority="0">
    <Entity Type="GL7DedFactorPremOpsCSLRT"/>
  </FileDefinition>
  <FileDefinition Name="gl7_schedule_rating_modification_employees_pct.xml" Priority="0">
    <Entity Type="GL7ScheduleRatingModific3"/>
  </FileDefinition>
  <FileDefinition Name="gl7_owners_contractors_terr.xml" Priority="0">
    <Entity Type="GL7OwnersContractorsTerr"/>
  </FileDefinition>
  <FileDefinition Name="gl7_prods_compld_ops_bipd_deductible.xml" Priority="0">
    <Entity Type="GL7ProdsCompldOpsBIPDDedu"/>
  </FileDefinition>
  <FileDefinition Name="gl7_prem_ops_ded.xml" Priority="0">
    <Entity Type="GL7PremOpsDed"/>
  </FileDefinition>
  <FileDefinition Name="gl7_aggregate_limit_railroad.xml" Priority="0">
    <Entity Type="GL7AggregateLimitRailroad"/>
  </FileDefinition>
  <FileDefinition Name="gl7_railroad_class_description_by_class_code.xml" Priority="0">
    <Entity Type="GL7RailroadClassDescripti"/>
  </FileDefinition>
  <FileDefinition Name="gl7_ilf_prods_rt.xml" Priority="0">
    <Entity Type="GL7ILFProdsRT"/>
  </FileDefinition>
  <FileDefinition Name="gl7_loss_development_factor_rt.xml" Priority="0">
    <Entity Type="GL7LossDevelopmentFactorR"/>
  </FileDefinition>
  <FileDefinition Name="gl7_territory_codes.xml" Priority="0">
    <Entity Type="GL7DBTerritory"/>
  </FileDefinition>
  <FileDefinition Name="gl7_prem_ops_incrd_limit_table_assignment_rt.xml" Priority="0">
    <Entity Type="GL7PremOpsIncrdLimitTable"/>
  </FileDefinition>
  <FileDefinition Name="gl7_unmanned_aircraft_usage.xml" Priority="0">
    <Entity Type="GL7UnmannedAircraftUsage"/>
  </FileDefinition>
  <FileDefinition Name="gl7_ded_factor_liquor_rt.xml" Priority="0">
    <Entity Type="GL7DedFactorLiquorRT"/>
  </FileDefinition>
  <FileDefinition Name="gl7_aggregate_limit_ust.xml" Priority="0">
    <Entity Type="GL7AggregateLimitUST"/>
  </FileDefinition>
  <FileDefinition Name="gl7_schedule_rating_modification_cooperation_medical_facilities_pct.xml" Priority="0">
    <Entity Type="GL7ScheduleRatingModific1"/>
  </FileDefinition>
  <FileDefinition Name="gl7_aggregate_limit_owners_contractors.xml" Priority="0">
    <Entity Type="GL7AggregateLimitOwnersCo"/>
  </FileDefinition>
  <FileDefinition Name="gl7_risk_type.xml" Priority="0">
    <Entity Type="GL7RiskType"/>
  </FileDefinition>
  <FileDefinition Name="gl7_premium_basis_prem_ops_class_code.xml" Priority="0">
    <Entity Type="GL7PremiumBasisPremOpsCla"/>
  </FileDefinition>
  <FileDefinition Name="gl7_ilf_prem_ops_rt.xml" Priority="0">
    <Entity Type="GL7ILFPremOpsRT"/>
  </FileDefinition>
  <FileDefinition Name="gl7_increased_limits_table_assignment_prods_compld_ops_override.xml" Priority="0">
    <Entity Type="GL7IncreasedLimitsTableA9"/>
  </FileDefinition>
  <FileDefinition Name="gl7_prods_compld_ops_terr.xml" Priority="0">
    <Entity Type="GL7ProdsCompldOpsTerr"/>
  </FileDefinition>
  <FileDefinition Name="gl7_med_pay_limit_excl.xml" Priority="0">
    <Entity Type="GL7MedPayLimitExcl"/>
  </FileDefinition>
  <FileDefinition Name="gl7_unmanned_aircraft_type_of_modifications.xml" Priority="0">
    <Entity Type="GL7UnmannedAircraftTypeOf"/>
  </FileDefinition>
  <FileDefinition Name="gl7_unmanned_aircraft_manufacturer.xml" Priority="0">
    <Entity Type="GL7UnmannedAircraftManufa"/>
  </FileDefinition>
  <FileDefinition Name="gl7_legal_entity.xml" Priority="0">
    <Entity Type="GL7LegalEntity"/>
  </FileDefinition>
  <FileDefinition Name="gl7_increased_limits_table_assignment_prods_compld_ops_rt.xml" Priority="0">
    <Entity Type="GL7IncreasedLimitsTableA8"/>
  </FileDefinition>
  <FileDefinition Name="gl7_classification_type_rt.xml" Priority="0">
    <Entity Type="GL7ClassificationTypeRT"/>
  </FileDefinition>
  <FileDefinition Name="gl7_final_prem_ops_incrd_limit_table_assignment_rt.xml" Priority="0">
    <Entity Type="GL7FinalPremOpsIncrdLimit"/>
  </FileDefinition>
  <FileDefinition Name="gl7_limit_numeric_rt.xml" Priority="0">
    <Entity Type="GL7LimitNumericRT"/>
  </FileDefinition>
  <FileDefinition Name="gl7_ilf_liquor_rt.xml" Priority="0">
    <Entity Type="GL7ILFLiquorRT"/>
  </FileDefinition>
  <FileDefinition Name="gl7_edl_class_description_by_class_code.xml" Priority="0">
    <Entity Type="GL7EDLClassDescriptionByC"/>
  </FileDefinition>
  <FileDefinition Name="gl7_prods_compld_ops_ded.xml" Priority="0">
    <Entity Type="GL7ProdsCompldOpsDed"/>
  </FileDefinition>
  <FileDefinition Name="gl7_pollution_class_description_by_class_code.xml" Priority="0">
    <Entity Type="GL7PollutionClassDescript"/>
  </FileDefinition>
  <FileDefinition Name="gl7_damage_to_premises_rented_to_you_limit_excl.xml" Priority="0">
    <Entity Type="GL7DamageToPremisesRented"/>
  </FileDefinition>
  <FileDefinition Name="gl7_prem_ops_claims_made_multiplier_rt.xml" Priority="0">
    <Entity Type="GL7PremOpsClaimsMadeMulti"/>
  </FileDefinition>
  <FileDefinition Name="gl7_yes_no.xml" Priority="0">
    <Entity Type="GL7YesNo"/>
  </FileDefinition>
  <FileDefinition Name="gl7_terrorism_aggregate_limit.xml" Priority="0">
    <Entity Type="GL7TerrorismAggregateLimi"/>
  </FileDefinition>
  <FileDefinition Name="gl7_prods_compld_ops_claims_made_multipliers_rt.xml" Priority="0">
    <Entity Type="GL7ProdsCompldOpsClaimsMa"/>
  </FileDefinition>
  <FileDefinition Name="gl7_personal_and_advertising_injury_limit_excl.xml" Priority="0">
    <Entity Type="GL7PersonalAndAdvertising"/>
  </FileDefinition>
  <FileDefinition Name="gl7_detrend_factor_rt.xml" Priority="0">
    <Entity Type="GL7DetrendFactorRT"/>
  </FileDefinition>
  <FileDefinition Name="gl7_ded_factor_prods_cslrt.xml" Priority="0">
    <Entity Type="GL7DedFactorProdsCSLRT"/>
  </FileDefinition>
  <FileDefinition Name="gl7_premium_basis_owners_contractors_class_code.xml" Priority="0">
    <Entity Type="GL7PremiumBasisOwnersCont"/>
  </FileDefinition>
  <FileDefinition Name="gl7_other_than_products_compld_ops_cov.xml" Priority="0">
    <Entity Type="GL7OtherThanProductsCompl"/>
  </FileDefinition>
  <FileDefinition Name="gl7_final_prods_compld_ops_incrd_limit_table_assignment_rt.xml" Priority="0">
    <Entity Type="GL7FinalProdsCompldOpsInc"/>
  </FileDefinition>
  <FileDefinition Name="gl7_prem_ops_elp_text_rt.xml" Priority="0">
    <Entity Type="GL7PremOpsELPTextRT"/>
  </FileDefinition>
  <FileDefinition Name="gl7_prods_compld_ops_elp_factor_rt.xml" Priority="0">
    <Entity Type="GL7ProdsCompldOpsELPFacto"/>
  </FileDefinition>
  <FileDefinition Name="gl7_prem_ops_bipd_deductible.xml" Priority="0">
    <Entity Type="GL7PremOpsBIPDDeductible"/>
  </FileDefinition>
  <FileDefinition Name="gl7_ilf_liquor_st_exception_rt.xml" Priority="0">
    <Entity Type="GL7ILFLiquorStExceptionRT"/>
  </FileDefinition>
  <FileDefinition Name="gl7_general_aggregate_limit_governmental_subdivision.xml" Priority="0">
    <Entity Type="GL7GeneralAggregateLimitG"/>
  </FileDefinition>
  <FileDefinition Name="gl7_each_occurrence_limit_governmental_subdivision.xml" Priority="0">
    <Entity Type="GL7EachOccurrenceLimitGov"/>
  </FileDefinition>
  <FileDefinition Name="gl7_unmanned_aircraft_aggregate_limit_governmental_subdivision.xml" Priority="0">
    <Entity Type="GL7UnmannedAircraftAggre1"/>
  </FileDefinition>
  <FileDefinition Name="gl7_personal_and_advertising_injury_limit_excl_governmental_subdivision.xml" Priority="0">
    <Entity Type="GL7PersonalAndAdvertisin1"/>
  </FileDefinition>
  <FileDefinition Name="gl7_prods_compld_ops_aggregate_limit_governmental_subdivision.xml" Priority="0">
    <Entity Type="GL7ProdsCompldOpsAggrega9"/>
  </FileDefinition>
  <FileDefinition Name="gl7_governmental_units_premises_operations_increased_limits_factor_rt.xml" Priority="0">
    <Entity Type="GL7GovernmentalUnitsPremi"/>
  </FileDefinition>
  <FileDefinition Name="gl7_damage_to_premises_rented_to_you_limit_excl_governmental_subdivision.xml" Priority="0">
    <Entity Type="GL7DamageToPremisesRente9"/>
  </FileDefinition>
  <FileDefinition Name="gl7_liquor_coverage_form.xml" Priority="0">
    <Entity Type="GL7LiquorCoverageForm"/>
  </FileDefinition>
  <FileDefinition Name="gl7_prem_ops_loss_cost_006_rt.xml" Priority="0">
    <Entity Type="GL7PremOpsLossCost006RT"/>
  </FileDefinition>
  <FileDefinition Name="gl7_prem_ops_loss_cost_010_rt.xml" Priority="0">
    <Entity Type="GL7PremOpsLossCost010RT"/>
  </FileDefinition>
  <FileDefinition Name="gl7_prem_ops_loss_cost_007_rt.xml" Priority="0">
    <Entity Type="GL7PremOpsLossCost007RT"/>
  </FileDefinition>
  <FileDefinition Name="gl7_prem_ops_loss_cost_001_rt.xml" Priority="0">
    <Entity Type="GL7PremOpsLossCost001RT"/>
  </FileDefinition>
  <FileDefinition Name="gl7_prem_ops_loss_cost_008_rt.xml" Priority="0">
    <Entity Type="GL7PremOpsLossCost008RT"/>
  </FileDefinition>
  <FileDefinition Name="gl7_prem_ops_loss_cost_005_rt.xml" Priority="0">
    <Entity Type="GL7PremOpsLossCost005RT"/>
  </FileDefinition>
  <FileDefinition Name="gl7_prem_ops_loss_cost_002_rt.xml" Priority="0">
    <Entity Type="GL7PremOpsLossCost002RT"/>
  </FileDefinition>
  <FileDefinition Name="gl7_prem_ops_loss_cost_003_rt.xml" Priority="0">
    <Entity Type="GL7PremOpsLossCost003RT"/>
  </FileDefinition>
  <FileDefinition Name="gl7_prem_ops_loss_cost_004_rt.xml" Priority="0">
    <Entity Type="GL7PremOpsLossCost004RT"/>
  </FileDefinition>
  <FileDefinition Name="gl7_prem_ops_loss_cost_009_rt.xml" Priority="0">
    <Entity Type="GL7PremOpsLossCost009RT"/>
  </FileDefinition>
</Systables>